circuito_id,radio_censal_id,censo_anio,peso_area,match_limpio
460,064410104,2010,0.14036361454947552,False
460,064410105,2010,0.08450666724281866,False
460,064410201,2010,0.7479644012638637,False
460,064410202,2010,0.9924070332517184,False
460,064410203,2010,0.32011496752223667,False
460,064410204,2010,6.622789953950454e-05,False
460,064410208,2010,0.14088754087125316,False
460,064410701,2010,0.9684087796900072,False
460,064410704,2010,0.48307399113893057,False
460,064410801,2010,0.5678768055636,False
460,064410911,2010,0.17567710597575345,False
460,064410912,2010,0.589313427700901,False
460,064410913,2010,1.0000000000000004,True
460,064410914,2010,0.9865822025659166,False
461,064410701,2010,0.03159122031060021,False
461,064410702,2010,0.8825391948746203,False
461,064410703,2010,0.4990505736274578,False
461,064410704,2010,0.01619726973857603,False
461,064410707,2010,0.003505318505942199,False
461,064410801,2010,0.22590832284819057,False
461,064410802,2010,1.0000000000000004,True
461,064410803,2010,0.9999999999999998,True
461,064410804,2010,0.9834695048411174,False
461,064410805,2010,0.9690868756599447,False
461,064410806,2010,0.03241352918606629,False
461,064410807,2010,0.03096252451295244,False
461,064411405,2010,0.2736400568523839,False
462,064410804,2010,0.012464104530881166,False
462,064410805,2010,0.030913124341646836,False
462,064410806,2010,0.0004996116149945823,False
462,064411213,2010,0.044633781680982726,False
462,064411302,2010,0.04092355505875176,False
462,064411303,2010,1.0,True
462,064411304,2010,0.9837618102949984,False
462,064411305,2010,0.9888342055797925,False
462,064411306,2010,0.9886287280251057,False
462,064411307,2010,0.5410532423055697,False
462,064411308,2010,0.9512847533838735,False
462,064411405,2010,0.009650086681341492,False
463,064411213,2010,0.007582866763472742,False
463,064411214,2010,0.552127985701888,False
463,064411215,2010,1.0,True
463,064411216,2010,0.010363873835305301,False
463,064411304,2010,0.016238189705186184,False
463,064411307,2010,0.45894675769381865,False
463,064411308,2010,0.033147530617578504,False
463,064411309,2010,0.7604479468020073,False
463,064411804,2010,0.0013020597670928603,False
463,064411901,2010,0.43444412480796507,False
463,064411907,2010,0.2092811180382291,False
463,064412014,2010,0.015818844320644457,False
463,064412015,2010,0.017050373384458598,False
463,064412016,2010,0.9947067136345913,False
464,064411901,2010,0.5317432723584693,False
464,064411902,2010,0.31616462334786477,False
464,064411903,2010,1.0,True
464,064411904,2010,0.9797063243858927,False
464,064411906,2010,0.32449155023969223,False
464,064411907,2010,0.4376165483287055,False
464,064412015,2010,0.0006568451977361378,False
464,064412016,2010,0.0052932863651831575,False
464,064412017,2010,0.036869732642537185,False
464,064412503,2010,0.22405868339227938,False
465,064411901,2010,0.03381260283382094,False
465,064411902,2010,0.6838353766522682,False
465,064412006,2010,0.009816197950851445,False
465,064412007,2010,0.013729705961100356,False
465,064412008,2010,0.54529815693998,False
465,064412009,2010,1.0,True
465,064412010,2010,0.01651727335653235,False
465,064412013,2010,0.01824273296498271,False
465,064412015,2010,0.032887069300870174,False
465,064412017,2010,0.9631302673566816,False
465,064412501,2010,0.3166124906528603,False
465,064412502,2010,0.2426727965213577,False
465,064412503,2010,0.23466358766396153,False
466,064411209,2010,0.983735382284274,False
466,064411210,2010,0.9673247650286441,False
466,064411211,2010,0.03357277033300854,False
466,064411212,2010,1.0000000000000002,True
466,064411213,2010,0.025851512278923083,False
466,064411214,2010,0.4478720142973774,False
466,064411216,2010,0.9896361261651442,False
466,064412010,2010,0.4603550704738102,False
466,064412011,2010,0.2085875023579491,False
466,064412012,2010,0.9999999999999999,True
466,064412013,2010,0.9817572670355739,False
466,064412014,2010,0.9841811556789577,False
466,064412015,2010,0.9494057121174391,False
467,064410806,2010,0.015675816351656834,False
467,064410808,2010,0.009063761531307923,False
467,064411201,2010,0.018952932168014438,False
467,064411202,2010,0.02918604083540093,False
467,064411203,2010,1.0,True
467,064411204,2010,1.0,True
467,064411205,2010,0.018774166453152923,False
467,064411211,2010,0.9658484025868197,False
467,064411213,2010,0.9219318392770965,False
467,064411301,2010,1.0000000000000002,True
467,064411302,2010,0.9590764449407264,False
468,064410801,2010,0.05314239475021708,False
468,064410806,2010,0.9514110428478805,False
468,064410807,2010,0.9690374754868203,False
468,064410808,2010,0.9909362384686222,False
468,064410809,2010,1.0,True
468,064410901,2010,0.0003630126448625691,False
468,064410902,2010,0.013180914679706505,False
468,064410903,2010,0.01876739352879858,False
468,064410904,2010,1.0,True
468,064410905,2010,0.5164530414799571,False
468,064410906,2010,0.46900612104664685,False
468,064410911,2010,0.00015381859027243237,False
468,064411201,2010,0.7703738961257032,False
469,064410104,2010,0.47872529406856273,False
469,064410105,2010,0.5046796470823964,False
469,064410112,2010,0.012268908870559316,False
469,064410201,2010,0.24989587290751838,False
469,064410801,2010,0.15307247683814912,False
469,064410901,2010,0.013205035596188106,False
469,064410905,2010,0.4835469585196981,False
469,064410906,2010,0.5309938789533573,False
469,064410907,2010,1.0,True
469,064410908,2010,1.0,True
469,064410909,2010,1.0,True
469,064410910,2010,1.0,True
469,064410911,2010,0.8241690754336253,False
469,064410912,2010,0.41068657229884464,False
469,064410914,2010,0.013417797433511165,False
471,064410102,2010,4.4646756055559216e-05,False
471,064410103,2010,0.5475199248168025,False
471,064410104,2010,0.380911091381472,False
471,064410105,2010,0.41081348853148353,False
471,064410106,2010,1.0000000000000002,True
471,064410107,2010,0.01243134904348013,False
471,064410109,2010,0.5652539493525357,False
471,064410110,2010,0.021802064304585707,False
471,064410111,2010,0.033295354407540355,False
471,064410112,2010,0.07927445730715058,False
471,064410201,2010,8.180703472095522e-05,False
471,064415118,2010,0.35505900954782765,False
472,064410105,2010,1.9714334855759115e-07,False
472,064410110,2010,0.5726032221893542,False
472,064410111,2010,0.8287697455872405,False
472,064410112,2010,0.9084566338224416,False
472,064410901,2010,0.9506439348789898,False
472,064411009,2010,0.0003628049550437372,False
472,064411013,2010,0.15250180479799644,False
473,064410110,2010,1.3605576194960879e-05,False
473,064410111,2010,0.13793490000528894,False
473,064410901,2010,0.03578801688015782,False
473,064410902,2010,0.9868190853200771,False
473,064410903,2010,0.9812326064716194,False
473,064411013,2010,0.29763148523240346,False
473,064411014,2010,1.0000000000000002,True
473,064411015,2010,1.0000000000000004,True
473,064411110,2010,0.02831875626721831,False
473,064411111,2010,0.015718754817539506,False
473,064411113,2010,0.5223485753815664,False
473,064411114,2010,1.0,True
473,064411115,2010,1.0,True
473,064411116,2010,1.0000000000000002,True
473,064411201,2010,0.210673171706003,False
473,064411202,2010,0.9708139591651339,False
473,064411205,2010,0.9697136810722427,False
473,064411206,2010,0.9565473803938558,False
474,064411113,2010,0.006921516196575762,False
474,064411205,2010,0.011512152475035136,False
474,064411206,2010,0.04345261960608854,False
474,064411207,2010,1.0,True
474,064411208,2010,1.0,True
474,064411209,2010,0.016264617715681343,False
474,064411210,2010,0.03267523497129276,False
474,064411211,2010,0.0005788270798269875,False
474,064412001,2010,0.07098213986618954,False
474,064412002,2010,1.0,True
474,064412003,2010,1.0,True
474,064412004,2010,1.0,True
474,064412005,2010,1.0,True
474,064412006,2010,0.9901838020490878,False
474,064412007,2010,0.9862702940388625,False
474,064412008,2010,0.4547018430600961,False
474,064412010,2010,0.5231276561694335,False
474,064412011,2010,0.7914124976421079,False
474,064412112,2010,0.00960230051821502,False
474,064412113,2010,0.2923196993880544,False
474,064412114,2010,0.6676727548617575,False
474,064412115,2010,0.9848268621326391,False
474,064412303,2010,0.25834042147558584,False
474,064412501,2010,0.0777588061400467,False
475,064411005,2010,0.42893583192667856,False
475,064411006,2010,1.0,True
475,064411007,2010,0.6809303700229068,False
475,064411010,2010,0.025021393932236343,False
475,064411011,2010,0.9999999999999998,True
475,064411012,2010,0.5106777333869595,False
475,064411013,2010,0.28026721724043535,False
475,064411101,2010,0.9999999999999998,True
475,064411102,2010,0.9999999999999999,True
475,064411103,2010,1.0,True
475,064411104,2010,0.9999999999999999,True
475,064411105,2010,1.0000000000000002,True
475,064411106,2010,0.9999999999999999,True
475,064411107,2010,1.0,True
475,064411108,2010,1.0000000000000002,True
475,064411109,2010,1.0,True
475,064411110,2010,0.9716812437326741,False
475,064411111,2010,0.9842812451821309,False
475,064411112,2010,1.0,True
475,064411113,2010,0.470729908421947,False
475,064412001,2010,0.9290178601336708,False
475,064412101,2010,1.0,True
475,064412102,2010,1.0,True
475,064412103,2010,1.0000000000000002,True
475,064412104,2010,0.9999999999999998,True
475,064412105,2010,1.0,True
475,064412106,2010,1.0,True
475,064412107,2010,0.9999999999999999,True
475,064412108,2010,1.0,True
475,064412109,2010,1.0000000000000002,True
475,064412110,2010,0.9999999999999999,True
475,064412111,2010,1.0000000000000002,True
475,064412112,2010,0.9903976994817897,False
475,064412113,2010,0.7076803006119382,False
475,064412114,2010,0.3323272451389541,False
475,064412201,2010,0.5102139863842187,False
475,064412202,2010,0.21259696734407402,False
475,064412301,2010,0.5207791515698752,False
475,064412302,2010,0.5203870228077784,False
475,064412303,2010,0.2610820383375327,False
475,064414805,2010,0.009774948928507832,False
475,064414806,2010,0.008550663576753936,False
475,064414809,2010,0.007487401656755555,False
475,064414905,2010,0.015333572288330693,False
475,064414906,2010,0.011578634316244483,False
475,064414907,2010,0.011900122954269374,False
475,064414908,2010,0.00643811371863651,False
475,064415110,2010,0.012961550424113826,False
476,064410110,2010,0.390245825771883,False
476,064411002,2010,0.04953487092368117,False
476,064411003,2010,0.041946758386314835,False
476,064411004,2010,0.9999999999999996,True
476,064411005,2010,0.5710641680733718,False
476,064411007,2010,0.31906962997710303,False
476,064411008,2010,0.9996661982311446,False
476,064411009,2010,0.9845056735746197,False
476,064411010,2010,0.9749786060673277,False
476,064411012,2010,0.4893222666133151,False
476,064411013,2010,0.26959949272896994,False
476,064415110,2010,0.006647107651562489,False
476,064415111,2010,0.013109091040716263,False
476,064415112,2010,0.00045063614412525115,False
477,064410101,2010,1.0000000000000004,True
477,064410102,2010,0.9999553532439828,False
477,064410103,2010,0.45248007518319655,False
477,064410107,2010,0.9875686509567378,False
477,064410108,2010,0.9999999999999998,True
477,064410109,2010,0.4347460506474632,False
477,064410110,2010,0.01533528215757913,False
477,064410113,2010,0.9999999999999998,True
477,064411001,2010,0.9989992912182721,False
477,064411002,2010,0.9504651290759515,False
477,064411003,2010,0.9580532416137947,False
477,064411008,2010,0.00033380176898897785,False
477,064411009,2010,0.015131521470541517,False
477,064415112,2010,0.011182952963230639,False
477,064415114,2010,0.011339404597005501,False
477,064415115,2010,0.008728369912315216,False
477,064415116,2010,0.1757638803456308,False
477,064415117,2010,0.9999999999999999,True
477,064415118,2010,0.64494099045209,False
480,064411305,2010,0.011165794420026534,False
480,064411306,2010,0.011371271974675553,False
480,064411308,2010,0.01506803711354019,False
480,064411309,2010,0.15985193537876366,False
480,064411404,2010,0.03043954447780701,False
480,064411405,2010,0.02364189487819969,False
480,064411406,2010,1.0,True
480,064411407,2010,1.0,True
480,064411408,2010,1.0000000000000002,True
480,064411409,2010,0.9999999999999996,True
480,064411501,2010,0.7650862838957015,False
480,064411502,2010,0.9916243357986745,False
480,064411503,2010,0.24270182329691647,False
480,064411504,2010,0.3139133964570558,False
480,064411505,2010,0.31424741120365146,False
480,064411506,2010,0.4779103194925424,False
480,064411801,2010,0.05002318395627887,False
481,064411308,2010,0.0004996788853616766,False
481,064411309,2010,0.07970011781942193,False
481,064411503,2010,0.757298176703398,False
481,064411504,2010,0.6860866035428658,False
481,064411505,2010,0.6857525887962854,False
481,064411506,2010,0.47164602745536266,False
481,064411507,2010,0.3218401679632498,False
481,064411801,2010,0.9499768160432082,False
481,064411802,2010,1.0,True
481,064411803,2010,1.0,True
481,064411804,2010,0.9740626335117775,False
481,064411807,2010,0.9583110535827072,False
481,064411808,2010,0.9964206775036708,False
481,064411809,2010,0.09727744595538355,False
481,064411907,2010,0.12068175386120324,False
481,064411908,2010,0.0077021192255329034,False
482,064411702,2010,0.048974258571215186,False
482,064411804,2010,0.024635306721686904,False
482,064411805,2010,0.9999999999999998,True
482,064411806,2010,0.9853972754921587,False
482,064411807,2010,0.03205963623548553,False
482,064411812,2010,0.338512291151381,False
482,064411813,2010,0.4714206213383922,False
482,064411906,2010,0.6585358092155182,False
482,064411907,2010,0.2324205797713674,False
482,064411908,2010,0.9922978807744668,False
482,064411909,2010,0.9999999999999998,True
482,064411910,2010,0.9677934308889534,False
483,064411701,2010,0.8924201023822881,False
483,064411702,2010,0.7981249862086759,False
483,064411703,2010,0.5129203284598449,False
483,064411705,2010,0.6277241467633433,False
483,064411706,2010,0.23493074977482156,False
483,064411806,2010,0.014602724508450559,False
483,064411807,2010,0.00037193741956659823,False
483,064411809,2010,0.28750613225630345,False
483,064411810,2010,0.3464679672100757,False
483,064411811,2010,0.20259013804348056,False
483,064411812,2010,0.6614877088486552,False
483,064411813,2010,0.5285793786615886,False
484,064410414,2010,0.18298008342597594,False
484,064411506,2010,0.04009512029164493,False
484,064411507,2010,0.6781598320366282,False
484,064411508,2010,0.032282782903040944,False
484,064411510,2010,0.024208544207441174,False
484,064411511,2010,0.9999999999999999,True
484,064411512,2010,1.0,True
484,064411610,2010,0.12399353972022734,False
484,064411614,2010,0.5008528588451999,False
484,064411701,2010,0.1075798976170505,False
484,064411706,2010,0.21686107372887084,False
484,064411807,2010,0.009257372761693854,False
484,064411808,2010,0.0035793224967771175,False
484,064411809,2010,0.6152164217878793,False
484,064411810,2010,0.6535320327901611,False
484,064411811,2010,0.7974098619568636,False
485,064410412,2010,0.022014182319719116,False
485,064410413,2010,1.0000000000000004,True
485,064410414,2010,0.8170199165738788,False
485,064411501,2010,0.018146037524439277,False
485,064411502,2010,0.008375664201270323,False
485,064411506,2010,0.010348532759959077,False
485,064411508,2010,0.9677172170975848,False
485,064411509,2010,0.9107135783263184,False
485,064411510,2010,0.975791455792532,False
485,064411601,2010,0.005028433566412095,False
485,064411613,2010,0.9755577605330735,False
485,064411614,2010,0.48047552293395634,False
486,064411601,2010,0.010611794140632756,False
486,064411602,2010,0.009086405828609163,False
486,064411603,2010,0.009105409593864664,False
486,064411606,2010,0.5159568308157569,False
486,064411607,2010,0.9846419206746486,False
486,064411608,2010,0.06164753262002858,False
486,064411610,2010,0.17306334801774872,False
486,064411611,2010,1.0000000000000002,True
486,064411612,2010,0.9899849159630596,False
486,064411613,2010,0.024442239467506236,False
486,064411614,2010,0.012433635625282323,False
487,064411607,2010,0.015358079325357507,False
487,064411608,2010,0.8711350845310954,False
487,064411609,2010,1.0000000000000002,True
487,064411610,2010,0.7029431122619715,False
487,064411612,2010,0.010015084037013176,False
487,064411614,2010,0.006237982595435978,False
487,064411615,2010,0.9999999999999998,True
487,064411706,2010,0.2622253352093142,False
487,064411707,2010,0.6485242454185082,False
487,064411710,2010,0.3192939475637134,False
487,064411711,2010,0.32551764494686497,False
487,064411713,2010,0.20776010071165216,False
488,064411703,2010,0.006956299616130702,False
488,064411704,2010,0.5037821384088097,False
488,064411705,2010,0.37227585323674356,False
488,064411706,2010,0.2859828412873938,False
488,064411707,2010,0.35147575458160457,False
488,064411708,2010,0.9999999999999999,True
488,064411709,2010,1.0,True
488,064411710,2010,0.6807060524361728,False
488,064411711,2010,0.6744823550529637,False
488,064411712,2010,0.6602995518738886,False
488,064411713,2010,0.40562480781367755,False
488,064412704,2010,0.3407593460576236,False
493,064417101,2010,0.9766294241188811,True
495,064411702,2010,0.15290075522007052,False
495,064411703,2010,0.4801233719238241,False
495,064411704,2010,0.496217861591204,False
495,064411712,2010,0.339700448126105,False
495,064411713,2010,0.2690628638659986,False
495,064411904,2010,0.010235466162568603,False
495,064411905,2010,0.7317552361568193,False
495,064411906,2010,0.016972640544856723,False
495,064411910,2010,0.03220656911111533,False
495,064411911,2010,1.0,True
495,064412411,2010,0.00027564439741704065,False
495,064412506,2010,0.6452581827532311,False
495,064412507,2010,0.786459872344808,False
495,064412508,2010,0.9999999999999998,True
495,064412509,2010,1.0,True
495,064412510,2010,1.0,True
495,064412601,2010,1.0,True
495,064412602,2010,1.0,True
495,064412603,2010,1.0,True
495,064412604,2010,0.9999999999999999,True
495,064412605,2010,1.0,True
495,064412606,2010,0.9999999999999999,True
495,064412607,2010,1.0,True
495,064412608,2010,1.0,True
495,064412609,2010,1.0,True
495,064412610,2010,1.0000000000000002,True
495,064412611,2010,1.0,True
495,064412612,2010,0.9999999999999999,True
495,064412613,2010,0.9999999999999999,True
495,064412614,2010,1.0000000000000002,True
495,064412701,2010,0.9999999999999998,True
495,064412702,2010,0.9999999999999998,True
495,064412703,2010,0.9999999999999998,True
495,064412704,2010,0.6592406539424001,False
495,064412705,2010,0.9999999999999998,True
495,064412706,2010,0.9999999999999998,True
495,064412707,2010,1.0,True
495,064412708,2010,0.9999999999999998,True
495,064412709,2010,0.9580694657336436,False
495,064412801,2010,1.0000000000000002,True
495,064412802,2010,1.0000000000000002,True
495,064412803,2010,1.0,True
495,064412804,2010,1.0,True
495,064412805,2010,1.0,True
495,064412806,2010,1.0000000000000002,True
495,064412807,2010,0.9903665799173539,False
495,064412808,2010,0.9783583533337888,False
495,064412809,2010,0.9473443412099601,False
495,064412810,2010,1.0,True
495,064412811,2010,1.0,True
495,064412812,2010,0.976890981598615,False
495,064412813,2010,0.997042479927635,False
495,064412913,2010,0.13660980883142848,False
495,064412914,2010,0.6909190710105169,False
495,064413101,2010,0.01308644718159201,False
495,064413209,2010,0.011490088137106629,False
495,064413210,2010,0.02354245695604648,False
496,064410301,2010,0.003140306656906854,False
496,064411605,2010,0.00787996747224767,False
496,064411606,2010,0.02606312813017437,False
496,064411608,2010,0.06721738284889188,False
496,064411713,2010,0.0009308523490664611,False
496,064413201,2010,0.9999999999999999,True
496,064413202,2010,0.3740415489587338,False
496,064413304,2010,0.8346891259111983,False
496,064413305,2010,1.0,True
496,064413306,2010,0.9738522026324895,False
496,064413307,2010,0.9801862947632832,False
496,064413308,2010,0.9922590652283193,False
496,064413309,2010,0.9944013426915549,False
496,064413310,2010,0.9999942668942933,False
496,064413311,2010,0.9999999999999997,True
496,064413401,2010,0.9999999999999999,True
496,064413402,2010,1.0000000000000002,True
496,064413403,2010,1.0000000000000004,True
496,064413404,2010,1.0000000000000002,True
496,064413405,2010,1.0000000000000002,True
496,064413406,2010,1.0000000000000002,True
496,064413407,2010,1.0,True
496,064413408,2010,0.9999999999999998,True
496,064413409,2010,1.0000000000000002,True
496,064413410,2010,1.0000000000000002,True
496,064413411,2010,1.0,True
496,064413412,2010,0.9999440704015874,True
496,064413413,2010,0.004737826535464896,False
496,064413501,2010,1.0000000000000002,True
496,064413502,2010,1.0,True
496,064413503,2010,1.0,True
496,064413504,2010,1.0,True
496,064413505,2010,0.9999999999999996,True
496,064413506,2010,1.0,True
496,064413507,2010,1.0000000000000002,True
496,064413508,2010,1.0000000000000002,True
496,064413509,2010,0.9751202883088788,False
496,064413510,2010,0.9981875639766161,False
496,064413511,2010,1.0000000000000004,True
496,064413512,2010,1.0000000000000004,True
496,064413513,2010,0.9999999999999998,True
496,064413514,2010,0.9999999999999999,True
496,064413515,2010,0.23526896874981595,False
496,064413601,2010,1.0,True
496,064413602,2010,1.0000000000000004,True
496,064413603,2010,0.9965298101401993,False
496,064413604,2010,1.5699853505965387e-05,False
496,064416801,2010,1.4311219181907313e-06,False
496,064416901,2010,0.0017053693180968997,False
496,064416902,2010,0.01913426109765933,False
496A,064413413,2010,0.9952621734645646,False
496A,064413414,2010,0.9999999999999998,True
496A,064413415,2010,1.0000000000000004,True
496A,064413509,2010,0.0013258696182935179,False
496A,064416812,2010,0.51364359596396,False
496A,064416813,2010,0.19506967443812234,False
496A,064416901,2010,0.39724086430902206,False
496A,064416904,2010,0.393551010537678,False
496A,064416905,2010,0.3937124839955901,False
496A,064416907,2010,0.6487569355626498,False
496A,064416908,2010,1.0000000000000009,True
496A,064416909,2010,0.677962638201177,False
496A,064416912,2010,0.705671523721898,False
496A,064417001,2010,0.9999807170087052,True
496A,064417002,2010,0.9994348111939718,True
496A,064417003,2010,0.9955925988138121,True
496A,064417004,2010,0.9998195546164751,True
496A,064417005,2010,1.0,True
496A,064417006,2010,0.9999999999999998,True
496A,064417007,2010,0.99096746749474,True
496B,064413509,2010,0.023553842072685346,False
496B,064413510,2010,0.0018124360234046306,False
496B,064416801,2010,0.02480717073371581,False
496B,064416802,2010,0.8402721742327778,False
496B,064416803,2010,0.4301848236699395,False
496B,064416804,2010,1.0000000000000002,True
496B,064416805,2010,0.2693710954681544,False
496B,064416806,2010,0.0035199950172488666,False
496B,064416901,2010,0.60105376637292,False
496B,064416902,2010,0.9785399978053537,False
496B,064416903,2010,0.9988250308818731,False
496B,064416904,2010,0.6064489894623242,False
496B,064416905,2010,0.606287516004382,False
496B,064416906,2010,1.0,True
496B,064416907,2010,0.35124306443735404,False
496B,064416909,2010,0.32202212517702566,False
496B,064416910,2010,1.0000000000000002,True
496B,064416911,2010,1.0000000000000002,True
496B,064416912,2010,0.0007391408970115016,False
496C,064411713,2010,0.11003670079252074,False
496C,064413202,2010,0.6259584510412197,False
496C,064413203,2010,0.9999999999999999,True
496C,064413204,2010,1.0,True
496C,064413205,2010,0.6585850135438361,False
496C,064413515,2010,0.7647310312501603,False
496C,064413516,2010,0.9999999999999998,True
496C,064413603,2010,0.0034701898597774396,False
496C,064413604,2010,0.9999843001466969,False
496C,064413605,2010,1.0,True
496C,064413606,2010,1.0,True
496C,064413607,2010,0.9999999999999997,True
496C,064413608,2010,0.9932302344904472,False
496C,064413609,2010,0.9979952988302574,False
496C,064413611,2010,0.6607495506704674,False
496C,064413701,2010,0.6421898626723389,False
496C,064413702,2010,0.5971950727493545,False
496C,064416801,2010,0.48668738274367945,False
496C,064416802,2010,0.15972757962350537,False
496C,064416803,2010,0.5698142328937172,False
496C,064416805,2010,0.45009458398408875,False
496C,064416806,2010,0.011275899303184657,False
496C,064416807,2010,0.0034660985473930457,False
496C,064416810,2010,0.21016499378259432,False
496C,064416902,2010,0.00232574109697175,False
496C,064416903,2010,0.0011749691181431416,False
496D,064411713,2010,0.006584674467070775,False
496D,064412709,2010,0.0419305342663427,False
496D,064412813,2010,0.0029575200722719063,False
496D,064413205,2010,0.3414149864562019,False
496D,064413206,2010,1.0000000000000002,True
496D,064413207,2010,1.0000000000000004,True
496D,064413208,2010,1.0,True
496D,064413209,2010,0.9885099118629951,False
496D,064413210,2010,0.6094406658117166,False
496D,064413608,2010,0.006769765509528962,False
496D,064413609,2010,0.002004701169793218,False
496D,064413610,2010,0.9999999999999996,True
496D,064413611,2010,0.33925044932964327,False
496D,064413612,2010,1.0000000000000002,True
496D,064413701,2010,0.3578101373275647,False
496D,064413702,2010,0.40280492725062933,False
496D,064413703,2010,0.9999999999999999,True
496D,064413704,2010,1.0,True
496D,064413705,2010,0.9999999999999999,True
496D,064413706,2010,0.9999999999999998,True
496D,064413707,2010,0.9999999999999999,True
496D,064413708,2010,1.0000000000000002,True
496D,064413709,2010,1.0,True
496D,064413710,2010,1.0000000000000002,True
496D,064413711,2010,0.9999999999999998,True
496D,064413712,2010,0.9999999999999999,True
496D,064413713,2010,0.84307140463189,False
496D,064416801,2010,0.48850400745646044,False
496D,064416805,2010,0.2758576373252325,False
496D,064416815,2010,0.3611986481162159,False
496D,064416816,2010,0.11949378559187886,False
496E,064416805,2010,0.004676243192257849,False
496E,064416806,2010,0.9852040556805466,False
496E,064416807,2010,0.996533901452618,False
496E,064416808,2010,0.9999999999999998,True
496E,064416809,2010,1.0000000000000002,True
496E,064416810,2010,0.7898350062173911,False
496E,064416811,2010,1.0000000000000009,True
496E,064416812,2010,0.48635640403605074,False
496E,064416813,2010,0.01990396779547922,False
496E,064416814,2010,0.1133308953199382,False
496E,064416815,2010,0.09422585895501899,False
496E,064416909,2010,1.523662178608626e-05,False
496E,064416912,2010,0.2935893353810799,False
496F,064416813,2010,0.785026357766426,False
496F,064416814,2010,0.22723506354602735,False
497,064412807,2010,0.009633420082727419,False
497,064412808,2010,0.021641646666063757,False
497,064412809,2010,0.005192611004344572,False
497,064412914,2010,0.003086996225472607,False
497,064413007,2010,0.0016564992637911806,False
497,064413008,2010,0.009734365319950967,False
497,064413009,2010,0.012967162702794336,False
497,064413101,2010,0.986913316699618,False
497,064413102,2010,1.0000000000000002,True
497,064413103,2010,1.0000000000000002,True
497,064413104,2010,1.0000000000000002,True
497,064413105,2010,1.0,True
497,064413106,2010,1.0000000000000002,True
497,064413107,2010,0.9999999999999999,True
497,064413108,2010,1.0000000000000002,True
497,064413109,2010,1.0,True
497,064413110,2010,0.9999999999999999,True
497,064413111,2010,1.0,True
497,064413112,2010,0.8355529886712889,False
497,064413114,2010,0.1331010810418063,False
497,064413115,2010,0.9832355185308715,False
497,064413116,2010,0.9788699132133709,False
497,064413901,2010,1.0,True
497,064413902,2010,1.0,True
497,064413903,2010,0.9805356971457441,False
497,064413904,2010,0.008173816902465277,False
497,064413905,2010,0.0013625759963484905,False
497,064414001,2010,0.9999992062830139,False
497,064414002,2010,1.0000000000000002,True
497,064414003,2010,1.0000000000000002,True
497,064414004,2010,1.0000000000000002,True
497,064414005,2010,0.025749739264227075,False
497,064414007,2010,0.11631086056804374,False
497,064414008,2010,0.5210323531776206,False
497,064414304,2010,0.009369985315227529,False
497,064414305,2010,0.011444660159255987,False
497,064414310,2010,0.00010474487123834808,False
497A,064414111,2010,0.18481352832894776,False
497A,064416614,2010,0.09242260485440414,False
497A,064416615,2010,0.003141510356086195,False
497A,064416701,2010,0.8315602395411514,False
497A,064416702,2010,0.00037537873965858194,False
497A,064416703,2010,5.254074581948265e-06,False
497A,064416814,2010,0.2247774891222553,False
497A,064416816,2010,0.002106147208335061,False
497A,064416817,2010,0.7375134084945068,False
497B,064412809,2010,0.04746304778578738,False
497B,064412812,2010,0.023109018401372843,False
497B,064413112,2010,0.1644470113288778,False
497B,064413113,2010,0.9999999999999999,True
497B,064413114,2010,0.8668989189581825,False
497B,064413115,2010,0.01676448146902443,False
497B,064413116,2010,0.021130086786688238,False
497B,064413210,2010,0.36701687723222093,False
497B,064413211,2010,0.9999999999999999,True
497B,064413713,2010,0.15692859536813494,False
497B,064413714,2010,0.40591815163922496,False
497B,064413801,2010,1.0,True
497B,064413802,2010,0.9999999999999999,True
497B,064413803,2010,0.9999999999999998,True
497B,064413804,2010,0.9999999999999998,True
497B,064413805,2010,1.0,True
497B,064413806,2010,0.008949210475615836,False
497B,064413808,2010,0.007836700435376645,False
497B,064413903,2010,0.01946430285414517,False
497B,064413905,2010,5.9181163774944684e-05,False
497B,064416814,2010,0.070079366096846,False
497B,064416815,2010,0.3695430378993336,False
497B,064416816,2010,0.1864520462138966,False
497C,064413908,2010,0.00411308720873639,False
497C,064413909,2010,0.7402567687351101,False
497C,064413910,2010,0.001069358962121888,False
497C,064414005,2010,0.5637343901915625,False
497C,064414006,2010,0.45125542112676786,False
497C,064414007,2010,0.8836891394320782,False
497C,064414008,2010,0.4789676468223988,False
497C,064414009,2010,0.9999060391579256,False
497C,064414010,2010,0.9999999999999998,True
497C,064414011,2010,0.9984068405442464,False
497C,064414012,2010,0.9684676074341243,False
497C,064414013,2010,0.949716339706823,False
497C,064414101,2010,0.657402919407105,False
497C,064414102,2010,0.9590811119308835,False
497C,064414103,2010,0.09011023027743056,False
497C,064414310,2010,0.009233089680757083,False
497C,064414312,2010,0.0002210673754463089,False
497C,064414313,2010,0.00047541569498226176,False
497D,064413904,2010,0.9918261830974582,False
497D,064413905,2010,0.9709717198942328,False
497D,064413906,2010,0.9750136933218803,False
497D,064413907,2010,1.0,True
497D,064413908,2010,0.9958869127914224,False
497D,064413909,2010,0.25974323126469284,False
497D,064413910,2010,0.9898923605969692,False
497D,064414005,2010,0.4105158705441472,False
497D,064414006,2010,0.5487445788732864,False
497D,064414013,2010,0.050283660293228866,False
497D,064414101,2010,0.32847235407082653,False
497D,064414103,2010,0.9017375044016833,False
497D,064414104,2010,0.6520423314733955,False
497D,064414105,2010,0.9951140838404101,False
497D,064414106,2010,0.0014756972466913327,False
497E,064413714,2010,0.5940818483607734,False
497E,064413806,2010,0.9910507895243933,False
497E,064413807,2010,1.0000000000000002,True
497E,064413808,2010,0.9921632995646397,False
497E,064413809,2010,1.0,True
497E,064413810,2010,0.9999999999999999,True
497E,064413905,2010,0.027606522945771997,False
497E,064413906,2010,0.024986306678046865,False
497E,064413910,2010,0.009038280440798232,False
497E,064414104,2010,0.3436779455287839,False
497E,064414105,2010,0.0048859161596045385,False
497E,064414106,2010,0.998524302753392,False
497E,064414107,2010,0.9999999999999998,True
497E,064414108,2010,1.0,True
497E,064414109,2010,1.0,True
497E,064414110,2010,1.0000000000000002,True
497E,064414111,2010,0.4781266876955544,False
497E,064414112,2010,0.1395675592118194,False
497E,064416814,2010,0.3632437467443103,False
497E,064416815,2010,0.1750324550294364,False
497E,064416816,2010,0.691948020985891,False
497E,064416817,2010,0.2624865915054778,False
497F,064414102,2010,0.014350748362554412,False
497F,064414103,2010,0.008152265320979473,False
497F,064414104,2010,0.004279722997750831,False
497F,064414111,2010,0.33705978397550934,False
497F,064414112,2010,0.8525659700114996,False
497F,064416603,2010,0.0006379544272945969,False
497F,064416613,2010,0.9644534123442078,False
497F,064416614,2010,0.9020682230919306,False
497F,064416615,2010,0.568298795334776,False
497F,064416704,2010,0.0001994129176889745,False
498,064416520,2010,0.0024650260451302038,False
498,064416603,2010,5.808158019451783e-07,False
498,064416615,2010,0.42633657464540947,False
498,064416616,2010,0.09117674614864514,False
498,064416617,2010,0.004147582619398113,False
498,064416618,2010,0.00031235384055569717,False
498,064416701,2010,0.16704028148779193,False
498,064416702,2010,0.9941802089165181,False
498,064416703,2010,0.990332437455478,False
498,064416704,2010,0.9998005870823091,False
501,064411904,2010,0.010058209451508439,False
501,064411905,2010,0.2682447638431273,False
501,064412115,2010,0.015173137867340297,False
501,064412201,2010,0.4897860136157845,False
501,064412202,2010,0.7874030326559183,False
501,064412203,2010,1.0000000000000002,True
501,064412204,2010,1.0,True
501,064412205,2010,1.0,True
501,064412206,2010,1.0000000000000002,True
501,064412207,2010,1.0000000000000002,True
501,064412208,2010,1.0,True
501,064412209,2010,0.9999999999999996,True
501,064412301,2010,0.4792208484301483,False
501,064412302,2010,0.47961297719220186,False
501,064412303,2010,0.48057754018664894,False
501,064412304,2010,1.0,True
501,064412305,2010,1.0000000000000002,True
501,064412306,2010,1.0000000000000004,True
501,064412307,2010,1.0,True
501,064412308,2010,0.9999999999999998,True
501,064412309,2010,0.9999999999999999,True
501,064412401,2010,1.0,True
501,064412402,2010,0.9999999999999998,True
501,064412403,2010,1.0,True
501,064412404,2010,1.0000000000000002,True
501,064412405,2010,0.9999999999999998,True
501,064412406,2010,1.0,True
501,064412407,2010,1.0,True
501,064412408,2010,1.0000000000000002,True
501,064412409,2010,0.9999999999999998,True
501,064412410,2010,1.0000000000000002,True
501,064412411,2010,0.9997243556025137,False
501,064412501,2010,0.605628703207231,False
501,064412502,2010,0.7573272034784969,False
501,064412503,2010,0.5412777289434568,False
501,064412504,2010,1.0000000000000002,True
501,064412505,2010,1.0000000000000002,True
501,064412506,2010,0.35474181724667414,False
501,064412507,2010,0.21354012765520747,False
501,064412901,2010,1.0000000000000002,True
501,064412902,2010,1.0,True
501,064412903,2010,1.0,True
501,064412904,2010,1.0000000000000002,True
501,064412905,2010,1.0000000000000002,True
501,064412906,2010,1.0,True
501,064412907,2010,1.0000000000000002,True
501,064412908,2010,1.0,True
501,064412909,2010,0.9999999999999999,True
501,064412910,2010,0.9999999999999999,True
501,064412911,2010,1.0000000000000002,True
501,064412912,2010,1.0,True
501,064412913,2010,0.8633901911686148,False
501,064412914,2010,0.305993932764157,False
501,064413001,2010,0.9999999999999998,True
501,064413002,2010,0.9919381769557554,False
501,064413003,2010,0.9930591848752319,False
501,064413004,2010,0.9934170949871631,False
501,064413005,2010,0.9832031626093907,False
501,064413006,2010,0.9999999999999999,True
501,064413007,2010,0.9983435007356846,False
501,064413008,2010,0.9902656346803486,False
501,064413009,2010,0.9779104343024643,False
501,064414601,2010,0.5109971046434062,False
501,064414602,2010,0.9920435682683185,False
501,064414603,2010,0.9866795867502611,False
501,064414604,2010,0.9890809315325674,False
501,064414605,2010,1.0000000000000002,True
501,064414606,2010,1.0000000000000002,True
501,064414607,2010,0.9973327535907793,False
501,064414608,2010,0.993466921620401,False
501,064414609,2010,0.9888753121939092,False
501,064414701,2010,0.029329093001818747,False
501,064414702,2010,1.0000000000000002,True
501,064414703,2010,0.6059339803780768,False
501,064414704,2010,1.0000000000000004,True
501,064414705,2010,0.9999999999999999,True
501,064414706,2010,0.9999999999999999,True
501,064414707,2010,0.9999999999999999,True
501,064414708,2010,1.0,True
501,064414709,2010,0.9999581817462763,False
501,064414710,2010,0.013923239160147765,False
501,064414807,2010,0.017765169330423252,False
501,064414808,2010,0.018319336221041954,False
501,064414809,2010,0.6292691528274619,False
501,064415309,2010,0.004305760456012909,False
501,064415310,2010,0.00919579573202932,False
502,064411001,2010,0.0010007087817371788,False
502,064414701,2010,0.9706709069981434,False
502,064414703,2010,0.39406601962190524,False
502,064414801,2010,1.0000000000000002,True
502,064414802,2010,0.9999999999999999,True
502,064414803,2010,0.9999999999999999,True
502,064414804,2010,0.9999999999999996,True
502,064414805,2010,0.9902250510714288,False
502,064414806,2010,0.99144933642334,False
502,064414807,2010,0.9822348306698958,False
502,064414808,2010,0.9816806637786668,False
502,064414809,2010,0.3632434455157651,False
502,064414901,2010,0.9999999999999999,True
502,064414902,2010,0.9999999999999999,True
502,064414903,2010,1.0000000000000004,True
502,064414904,2010,0.9999999999999999,True
502,064414905,2010,0.9846664277117153,False
502,064414906,2010,0.9884213656836529,False
502,064414907,2010,0.9880998770457822,False
502,064414908,2010,0.9935618862813648,False
502,064414909,2010,1.0,True
502,064414910,2010,1.0000000000000004,True
502,064415001,2010,1.0000000000000002,True
502,064415002,2010,1.0000000000000002,True
502,064415003,2010,0.9999999999999997,True
502,064415004,2010,0.9999999999999997,True
502,064415005,2010,1.0000000000000002,True
502,064415006,2010,0.9999999999999999,True
502,064415007,2010,1.0,True
502,064415008,2010,0.9999999999999997,True
502,064415009,2010,0.9999999999999999,True
502,064415010,2010,0.9999999999999999,True
502,064415101,2010,1.0000000000000002,True
502,064415102,2010,0.9999999999999996,True
502,064415103,2010,0.9999999999999999,True
502,064415104,2010,1.0,True
502,064415105,2010,1.0000000000000002,True
502,064415106,2010,0.9999999999999999,True
502,064415107,2010,0.9999999999999999,True
502,064415108,2010,1.0,True
502,064415109,2010,1.0,True
502,064415110,2010,0.9803913419245867,False
502,064415111,2010,0.9868909089593427,False
502,064415112,2010,0.9883664108926657,False
502,064415113,2010,0.9999999999999999,True
502,064415114,2010,0.9886605954030668,False
502,064415115,2010,0.9912716300876405,False
502,064415116,2010,0.8242361196543522,False
502,064415201,2010,0.9954395951951861,True
502,064415202,2010,1.0000000000000002,True
502,064415203,2010,0.9999999999999997,True
502,064415204,2010,1.0000000000000004,True
502,064415205,2010,0.9999999999999998,True
502,064415206,2010,1.0,True
502,064415207,2010,0.9999999999999999,True
502,064415208,2010,0.9999999999999999,True
502,064415209,2010,1.0,True
502,064415210,2010,1.0000000000000002,True
502,064415301,2010,1.0,True
502,064415302,2010,1.0000000000000002,True
502,064415303,2010,1.0000000000000002,True
502,064415304,2010,1.0000000000000002,True
502,064415305,2010,1.0,True
502,064415306,2010,0.9999999999999999,True
502,064415307,2010,1.0,True
502,064415308,2010,1.0,True
502,064415309,2010,0.7378637196678363,False
502,064415402,2010,0.03145946328464691,False
502,064415405,2010,0.1237008340677536,False
502,064415409,2010,0.03441975521821025,False
502,064415417,2010,0.4097908192812909,False
502,064415418,2010,0.9999999696737228,False
503,064415501,2010,1.3855991962509289e-07,False
503,064415502,2010,0.7230339889781511,False
503,064415503,2010,0.9999999999999998,True
503,064415504,2010,1.0000000000000002,True
503,064415505,2010,0.4994706555539416,False
503,064415509,2010,0.5688925791971623,False
503,064415510,2010,0.0033667764143590086,False
503,064416408,2010,0.00493627046035503,False
503,064416410,2010,0.01101748634694023,False
503,064416413,2010,0.005888185619120595,False
503,064416415,2010,0.2895710158709575,False
503,064416416,2010,0.8163213983611312,False
503,064416417,2010,0.300551424434336,False
503,064416418,2010,0.871919796793485,False
503,064416419,2010,0.9865043268755327,False
503A,064414201,2010,0.004284605255249087,False
503A,064414202,2010,0.012554313812118745,False
503A,064414219,2010,0.006309182338539942,False
503A,064414501,2010,0.0033665326561991642,False
503A,064414507,2010,0.0002926082780499992,False
503A,064414508,2010,0.0006691223369635374,False
503A,064414601,2010,0.4765523479369142,False
503A,064414709,2010,4.1818253726221516e-05,False
503A,064414710,2010,0.9860767608398548,False
503A,064415309,2010,0.25783051987614936,False
503A,064415310,2010,0.9908042042679689,False
503A,064415409,2010,0.004704722221626826,False
503A,064415410,2010,0.41078766298851,False
503A,064415411,2010,0.009878857867246169,False
503A,064415412,2010,0.9999999999999997,True
503A,064415413,2010,1.0000000000000002,True
503A,064415414,2010,0.9999999999999999,True
503A,064415415,2010,1.0,True
503A,064415416,2010,0.9999999999999999,True
503A,064415417,2010,0.5902091807186889,False
503A,064415418,2010,3.032634261336585e-08,False
503A,064415507,2010,0.0053393386156352345,False
503A,064415508,2010,0.005771101471704621,False
503A,064415509,2010,0.10667312185068911,False
503A,064415510,2010,0.9966332235854942,False
503A,064415511,2010,1.0,True
503A,064415608,2010,5.141262244509761e-05,False
503A,064416417,2010,0.698393023670535,False
503A,064416418,2010,0.12615841725480068,False
504,064415501,2010,0.0008080121933922328,False
504,064415502,2010,0.0009686484729094741,False
504,064415601,2010,0.0012220919513806962,False
504,064415602,2010,7.36453544099597e-05,False
504,064415605,2010,0.010299511155055287,False
504,064415606,2010,0.008374937419130058,False
504,064415703,2010,0.3884116138841208,False
504,064415704,2010,1.0000000000000002,True
504,064415705,2010,0.9896165963078826,True
504,064415706,2010,0.9993367559667694,False
504,064415707,2010,0.4319889726738148,False
504,064415801,2010,0.9999999999999999,True
504,064415802,2010,0.9999999999999998,True
504,064415803,2010,1.0,True
504,064415804,2010,0.9999999999999997,True
504,064415805,2010,1.0,True
504,064415806,2010,1.0,True
504,064415807,2010,0.9983128234558296,False
504,064415808,2010,1.0,True
504,064415901,2010,1.0,True
504,064415902,2010,1.0000000000000004,True
504,064415903,2010,1.0,True
504,064415904,2010,1.0,True
504,064415905,2010,1.0,True
504,064415906,2010,0.9910245251341562,False
504,064415907,2010,0.9928468286613767,False
504,064415908,2010,1.0000000000000002,True
504,064415909,2010,1.0,True
504,064415910,2010,0.9999999999999999,True
504,064416001,2010,0.9999999999999999,True
504,064416002,2010,1.0000000000000002,True
504,064416003,2010,0.9999999999999999,True
504,064416004,2010,1.0000000000000004,True
504,064416005,2010,1.0,True
504,064416006,2010,0.9999999999999999,True
504,064416007,2010,0.9999999999999998,True
504,064416008,2010,1.0000000000000002,True
504,064416009,2010,0.9999999999999993,True
504,064416010,2010,1.0000000000000002,True
504,064416104,2010,0.5007011955280287,False
504,064416105,2010,0.011117072120160868,False
504,064416106,2010,0.008075357883682775,False
504,064416107,2010,0.9999999999999997,True
504,064416108,2010,0.9993040177402616,False
504,064416109,2010,0.9999999999999992,True
504,064416110,2010,1.0,True
504,064416111,2010,0.9986725476946848,False
504,064416112,2010,0.9999053209973215,False
504,064416212,2010,0.013876474970190606,False
504,064416213,2010,0.9933313954489458,False
504,064416303,2010,0.006843278561112011,False
504,064416304,2010,0.005846371317000827,False
504,064416409,2010,0.01965788734519191,False
504,064416410,2010,0.9235276627238849,False
504,064416411,2010,1.0000000000000002,True
504,064416412,2010,1.0,True
504,064416413,2010,0.9941118143808773,False
504,064416414,2010,1.0,True
504,064416415,2010,0.7095396027266835,False
504,064416416,2010,0.18367860163887914,False
504A,064415401,2010,1.0,True
504A,064415402,2010,0.9685405367154984,False
504A,064415403,2010,1.0000000000000002,True
504A,064415404,2010,1.0000000000000002,True
504A,064415405,2010,0.8762991659322827,False
504A,064415406,2010,0.9999999999999998,True
504A,064415407,2010,1.0,True
504A,064415408,2010,1.0000000000000002,True
504A,064415409,2010,0.9608755225602404,False
504A,064415410,2010,0.589212337011431,False
504A,064415411,2010,0.990121142132683,False
504A,064415501,2010,0.9991918492466768,False
504A,064415502,2010,0.275997362548941,False
504A,064415505,2010,0.5005293444460563,False
504A,064415506,2010,1.0000000000000002,True
504A,064415507,2010,0.9946606613842817,False
504A,064415508,2010,0.9942288985283546,False
504A,064415509,2010,0.3244342989521468,False
504A,064415601,2010,0.9987779080486229,False
504A,064415602,2010,0.9999263546455838,False
504A,064415603,2010,1.0000000000000002,True
504A,064415604,2010,1.0000000000000002,True
504A,064415605,2010,0.9897004888449675,False
504A,064415606,2010,0.9916250625808656,False
504A,064415607,2010,1.0,True
504A,064415608,2010,0.9999485873776125,False
504A,064415706,2010,0.0006632440330749934,False
504A,064415707,2010,0.5675590535824468,False
504A,064415708,2010,0.9999999999999998,True
504A,064415709,2010,0.9999999999999998,True
504A,064415710,2010,1.0000000000000002,True
504A,064415711,2010,1.0000000000000002,True
504A,064415712,2010,0.9999999999999996,True
504A,064415713,2010,0.9981251213858441,True
504A,064415807,2010,0.0016871765442101282,False
504A,064415906,2010,0.008975474865840183,False
504A,064415907,2010,0.007153171338632276,False
504A,064416415,2010,0.0008893814023546594,False
505,064415701,2010,0.9940748907829399,True
505,064415702,2010,0.9976767222427554,True
505,064415703,2010,0.595123458044774,False
505,064416101,2010,1.0000000000000002,True
505,064416102,2010,1.0000000000000002,True
505,064416103,2010,1.0000000000000002,True
505,064416104,2010,0.49929880447186226,False
505,064416105,2010,0.9888829278798209,False
505,064416106,2010,0.9919246421163169,False
505,064416108,2010,0.0006959822597360694,False
505,064416112,2010,9.46790026787602e-05,False
505,064416201,2010,0.99663357167776,False
505,064416202,2010,1.0000000000000002,True
505,064416203,2010,0.9999999999999996,True
505,064416204,2010,1.0000000000000002,True
505,064416205,2010,0.9999999999999998,True
505,064416206,2010,0.9999999999999998,True
505,064416207,2010,1.0000000000000002,True
505,064416208,2010,1.0000000000000004,True
505,064416209,2010,1.0,True
505,064416210,2010,1.0,True
505,064416211,2010,0.9999999999999993,True
505,064416212,2010,0.9861235250298188,False
505,064416213,2010,0.006668604551054816,False
505,064416301,2010,0.9895619942348849,False
505,064416302,2010,0.2778515610963417,False
505,064416303,2010,0.3303503739239303,False
505A,064416111,2010,0.0013274523053136964,False
505A,064416201,2010,0.002117203168731121,False
505A,064416301,2010,0.010438005765115676,False
505A,064416302,2010,0.7221484389036339,False
505A,064416303,2010,0.6628063475149661,False
505A,064416304,2010,0.9941536286829891,False
505A,064416305,2010,1.0,True
505A,064416306,2010,1.0,True
505A,064416307,2010,1.0,True
505A,064416308,2010,0.9971378518394929,False
505A,064416309,2010,1.0,True
505A,064416310,2010,1.0000000000000002,True
505A,064416311,2010,1.0000000000000004,True
505A,064416401,2010,0.9999999999999997,True
505A,064416402,2010,1.0,True
505A,064416403,2010,1.0,True
505A,064416404,2010,0.9574429585195408,False
505A,064416405,2010,0.9536004281599721,False
505A,064416406,2010,0.9999999999999999,True
505A,064416407,2010,1.0,True
505A,064416408,2010,0.9854190852827686,False
505A,064416409,2010,0.9803421126547899,False
505A,064416410,2010,0.06545485092923671,False
505A,064416419,2010,0.010720762337380977,False
505B,064416308,2010,0.002584221871280067,False
505B,064416404,2010,0.04255704148032536,False
505B,064416405,2010,0.04639957184003992,False
505B,064416408,2010,0.009400814615864601,False
505B,064416501,2010,0.9999999999999997,True
505B,064416502,2010,1.0,True
505B,064416503,2010,0.9930385910313098,True
505B,064416504,2010,1.0000000000000004,True
505B,064416505,2010,1.0,True
505B,064416506,2010,1.0,True
505B,064416507,2010,1.0000000000000002,True
505B,064416508,2010,0.9999999999999998,True
505B,064416509,2010,0.7473314665191128,False
508,064414401,2010,0.9875851699885174,False
508,064414402,2010,0.9934233441781495,False
508,064414403,2010,1.0000000000000002,True
508,064414404,2010,0.9737468507184345,False
508,064414501,2010,0.9966334673438169,False
508,064414502,2010,0.9999999999999997,True
508,064414503,2010,1.0000000000000002,True
508,064414504,2010,1.0,True
508,064414505,2010,0.9999999999999998,True
508,064414506,2010,0.7633776823457088,False
508,064414507,2010,0.5139347755149645,False
508,064414510,2010,0.3482292805721032,False
508,064414511,2010,0.9889131823616931,False
508,064414601,2010,0.012450547419613666,False
508,064414602,2010,0.007956431731692462,False
508,064414603,2010,0.01332041324967688,False
508,064414604,2010,0.010762466399402908,False
508,064416417,2010,0.0003172449777772042,False
508A,064413002,2010,0.008061823044265145,False
508A,064413003,2010,0.00694081512475571,False
508A,064413004,2010,0.006582905012838939,False
508A,064413005,2010,0.016796837390625943,False
508A,064413009,2010,0.009122402994517526,False
508A,064413101,2010,2.3611880144223576e-07,False
508A,064414001,2010,7.937167836098391e-07,False
508A,064414009,2010,9.39608420603977e-05,False
508A,064414301,2010,0.9999999999999999,True
508A,064414302,2010,0.9999999999999998,True
508A,064414303,2010,1.0,True
508A,064414304,2010,0.9906300146848784,False
508A,064414305,2010,0.9885553398408212,False
508A,064414306,2010,1.0,True
508A,064414307,2010,0.9999999999999998,True
508A,064414308,2010,0.9999999999999999,True
508A,064414309,2010,0.8907813429930675,False
508A,064414310,2010,0.9906621654479691,False
508A,064414311,2010,0.9999999999999999,True
508A,064414312,2010,0.9593672417116194,False
508A,064414315,2010,0.22195416311296237,False
508A,064414401,2010,0.012414830011434773,False
508A,064414402,2010,0.0065766558218693935,False
508A,064414404,2010,0.02625314928182089,False
508A,064414405,2010,1.0,True
508A,064414406,2010,1.0000000000000002,True
508A,064414407,2010,0.9999999999999998,True
508A,064414408,2010,0.5776415178305386,False
508A,064414410,2010,0.17470823597483318,False
508A,064414510,2010,0.0013816940816503945,False
508A,064414511,2010,0.011086817638315037,False
508A,064414604,2010,0.00015660206792427603,False
508A,064414607,2010,0.0026672464092654473,False
508A,064414608,2010,0.006533078379561925,False
508A,064414609,2010,0.011124687806179822,False
508B,064414201,2010,0.9928078048394616,False
508B,064414203,2010,0.24689286468728724,False
508B,064414204,2010,1.0000000000000002,True
508B,064414205,2010,1.0000000000000002,True
508B,064414206,2010,0.6965828382107847,False
508B,064414506,2010,0.23662231765426198,False
508B,064414507,2010,0.4857726162070723,False
508B,064414508,2010,0.9993308776629142,False
508B,064414509,2010,0.9999999999999996,True
508B,064414510,2010,0.6448951326405629,False
508B,064416417,2010,0.00011284438384773301,False
508C,064414011,2010,0.0015931594558053698,False
508C,064414012,2010,0.03153239256591771,False
508C,064414101,2010,0.01402412202126165,False
508C,064414206,2010,0.004667560280608298,False
508C,064414207,2010,0.9933101634971697,False
508C,064414208,2010,0.49749754489331766,False
508C,064414209,2010,1.0,True
508C,064414210,2010,0.14253386097636314,False
508C,064414309,2010,0.10921865700694065,False
508C,064414312,2010,0.04041169091299008,False
508C,064414313,2010,0.9995245843049256,False
508C,064414314,2010,1.0000000000000002,True
508C,064414315,2010,0.7780458368870323,False
508C,064414408,2010,0.42235848216956434,False
508C,064414409,2010,1.0000000000000004,True
508C,064414410,2010,0.8252917640251396,False
508C,064414510,2010,0.0054938927056873066,False
508D,064414201,2010,0.002907589905351756,False
508D,064414202,2010,0.9874456861878896,False
508D,064414203,2010,0.7531071353127319,False
508D,064414206,2010,0.29873665994540377,False
508D,064414215,2010,0.9894320854701303,False
508D,064414216,2010,1.0000000000000009,True
508D,064414217,2010,0.9999999999999998,True
508D,064414218,2010,1.0,True
508D,064414219,2010,0.993690817661407,False
508D,064416417,2010,0.000558414793516029,False
508D,064416510,2010,0.0014814912333252568,False
508D,064416601,2010,0.4458978477207385,False
508D,064416603,2010,4.894821867126912e-07,False
508D,064416604,2010,0.4103718117921994,False
508D,064416605,2010,0.9996037091914788,False
508D,064416606,2010,0.0046994462696909245,False
508E,064414101,2010,0.0001006045007251419,False
508E,064414102,2010,0.0265681397066258,False
508E,064414112,2010,0.007866470776684257,False
508E,064414206,2010,1.2941563198566416e-05,False
508E,064414207,2010,0.006689836502829399,False
508E,064414208,2010,0.5025024551066747,False
508E,064414210,2010,0.8574661390236394,False
508E,064414211,2010,1.0,True
508E,064414212,2010,1.0000000000000002,True
508E,064414213,2010,1.0,True
508E,064414214,2010,1.0000000000000002,True
508E,064414215,2010,0.010567914529859706,False
508E,064416604,2010,0.5789669666076226,False
508E,064416605,2010,0.0003962908085554996,False
508E,064416606,2010,0.9953005537303102,False
508E,064416607,2010,1.0000000000000002,True
508E,064416608,2010,0.38846278632306847,False
508E,064416614,2010,0.005482069288875398,False
508F,064416408,2010,0.0002438296410110018,False
508F,064416417,2010,6.704774000443708e-05,False
508F,064416418,2010,0.0019217859517260954,False
508F,064416419,2010,0.00277491078706065,False
508F,064416509,2010,0.23752486869899794,False
508F,064416510,2010,0.998516425219633,False
508F,064416511,2010,0.7016001536193239,False
508F,064416512,2010,0.9971121497208665,False
508F,064416513,2010,0.9962356879200484,False
508F,064416514,2010,0.00019227051282700474,False
508F,064416601,2010,1.471673338897705e-06,False
508G,064416509,2010,0.015137166488053402,False
508G,064416511,2010,0.2980666030799133,False
508G,064416513,2010,0.0021034207926345174,False
508G,064416514,2010,0.990579689147693,False
509,064416510,2010,2.083547041393244e-06,False
509,064416512,2010,0.0028878502791191986,False
509,064416513,2010,0.001660891287317563,False
509,064416514,2010,0.005770483651331396,False
509,064416515,2010,1.0000000000000002,True
509,064416516,2010,1.0000000000000002,True
509,064416517,2010,0.9999999999999998,True
509,064416518,2010,1.0,True
509,064416519,2010,0.7747726895597877,False
509,064416521,2010,0.47655380617406196,False
509,064416601,2010,0.5541006806059371,False
509,064416602,2010,1.0000000000000004,True
509,064416603,2010,0.5497579350656375,False
509,064416604,2010,0.005990527596621729,False
509,064416618,2010,3.19386068724114e-05,False
509A,064416519,2010,0.22522731044022143,False
509A,064416520,2010,0.9975349739548693,False
509A,064416521,2010,0.499979350442075,False
509A,064416603,2010,0.4496030402090771,False
509A,064416604,2010,0.004670694003521121,False
509A,064416608,2010,0.6115372136769235,False
509A,064416609,2010,1.0000000000000002,True
509A,064416610,2010,1.0000000000000002,True
509A,064416611,2010,0.9999999999999998,True
509A,064416612,2010,1.0000000000000002,True
509A,064416613,2010,0.03554658765579169,False
509A,064416614,2010,2.7102764794887396e-05,False
509A,064416615,2010,0.002223119663731156,False
509A,064416616,2010,0.9088232538513512,False
509A,064416617,2010,0.9958524173806073,False
509A,064416618,2010,0.9996557075525594,False
509A,064416703,2010,0.00460702926698709,False
516,064410202,2010,0.007592966748322207,False
516,064410203,2010,0.679885032478227,False
516,064410204,2010,0.9999337721004488,False
516,064410205,2010,0.9999999999999999,True
516,064410206,2010,1.0,True
516,064410207,2010,0.9991283150344322,False
516,064410208,2010,0.6437573819947761,False
516,064410209,2010,0.0003519449760268348,False
516,064410601,2010,0.29321584483861607,False
516,064410602,2010,0.9784730257824487,False
516,064410605,2010,0.47540382957772825,False
516,064410606,2010,0.9745662832900976,False
516,064410704,2010,0.4851038028597184,False
516,064410705,2010,0.9677374086641446,False
516,064410708,2010,0.019854341982377354,False
516,064410709,2010,0.011337613601657923,False
517,064410412,2010,0.1385494228635897,False
517,064410605,2010,0.5048439553233482,False
517,064410606,2010,0.0254337167095797,False
517,064410607,2010,1.0,True
517,064410608,2010,0.9828211531799241,False
517,064410702,2010,0.11746080512551975,False
517,064410703,2010,0.5009494263715412,False
517,064410704,2010,0.015624936262024257,False
517,064410705,2010,0.03226259133630871,False
517,064410706,2010,0.9999999999999998,True
517,064410707,2010,0.9964946814943064,False
517,064410708,2010,0.9801456580176777,False
517,064410709,2010,0.9886623863983717,False
517,064410804,2010,0.004066390628023051,False
517,064411401,2010,1.0,True
517,064411402,2010,1.0,True
517,064411403,2010,1.0,True
517,064411404,2010,0.9695604555222297,False
517,064411405,2010,0.6930679615886347,False
517,064411501,2010,0.2107636167058783,False
518,064410407,2010,0.01721488620781894,False
518,064410409,2010,0.6206741086347771,False
518,064410410,2010,1.0,True
518,064410411,2010,1.0,True
518,064410412,2010,0.8394363948169364,False
518,064410507,2010,0.0018017229925886937,False
518,064410508,2010,0.6776384944703809,False
518,064410509,2010,0.6250602337751687,False
518,064410604,2010,0.0316521820257487,False
518,064410605,2010,0.009963272115984917,False
518,064410608,2010,0.017178846820092967,False
518,064410609,2010,0.9999999999999999,True
518,064411501,2010,0.006004061873054344,False
518,064411509,2010,0.08928642167380765,False
518,064411601,2010,0.3063931072099559,False
519,064410207,2010,0.0008716849655405961,False
519,064410208,2010,0.21535507713395596,False
519,064410209,2010,0.9996480550239535,False
519,064410210,2010,0.9977181454292678,False
519,064410211,2010,0.6380343620134872,False
519,064410307,2010,0.09639818497349191,False
519,064410308,2010,0.9839218318826901,False
519,064410406,2010,0.13002393214392818,False
519,064410407,2010,0.3744179782706663,False
519,064410501,2010,1.0,True
519,064410502,2010,0.9911822605484173,False
519,064410503,2010,0.3320947139146466,False
519,064410504,2010,0.8066029325654305,False
519,064410505,2010,0.9999999999999998,True
519,064410506,2010,1.0000000000000002,True
519,064410507,2010,0.9968393723980545,False
519,064410508,2010,0.32236150552969367,False
519,064410509,2010,0.37493976622456465,False
519,064410601,2010,0.7067841551614401,False
519,064410602,2010,0.021526974217682023,False
519,064410603,2010,1.0,True
519,064410604,2010,0.9683478179736562,False
519,064410605,2010,0.00978894298353647,False
519,064413301,2010,0.4495793003344325,False
520,064410210,2010,0.002281854571023358,False
520,064410211,2010,0.3619656379863541,False
520,064410301,2010,0.9968596933430828,False
520,064410302,2010,0.9999999999999998,True
520,064410303,2010,1.0000000000000002,True
520,064410304,2010,1.0000000000000002,True
520,064410305,2010,0.9999999999999998,True
520,064410306,2010,1.0,True
520,064410307,2010,0.9036018150262587,False
520,064410308,2010,0.01607816811698957,False
520,064410401,2010,1.0,True
520,064410402,2010,0.9989166695928426,False
520,064410403,2010,0.48461488821608445,False
520,064410404,2010,0.3242761075098234,False
520,064410405,2010,0.989029378936924,False
520,064410406,2010,0.8699760678564262,False
520,064410407,2010,0.5895016284584601,False
520,064410502,2010,0.008817739451996789,False
520,064410503,2010,0.6679052860854988,False
520,064410504,2010,0.193397067434138,False
520,064410507,2010,0.0013589046082696295,False
520,064413301,2010,0.5504206996656485,False
520,064413302,2010,1.0000000000000002,True
520,064413303,2010,1.0000000000000002,True
520,064413304,2010,0.16531087408867454,False
520,064413306,2010,0.026147797367543815,False
520,064413307,2010,0.019813705236546932,False
520,064413308,2010,0.007740934771870383,False
520,064413309,2010,0.004947716492880955,False
521,064410402,2010,0.001083330407243592,False
521,064410403,2010,0.5153851117835896,False
521,064410404,2010,0.6757238924904041,False
521,064410405,2010,0.010970621063306473,False
521,064410407,2010,0.01886550706354152,False
521,064410408,2010,1.0,True
521,064410409,2010,0.37932589136466893,False
521,064411601,2010,0.6779666650829362,False
521,064411602,2010,0.9909135941714563,False
521,064411603,2010,0.9908945904060368,False
521,064411604,2010,1.0,True
521,064411605,2010,0.9921200325278775,False
521,064411606,2010,0.45798004105402934,False
521,064413309,2010,0.000650940815386329,False
521,064413310,2010,5.7331057555283716e-06,False
460,064410104,2022,0.14036361454947552,False
460,064410105,2022,0.08450666724281866,False
460,064410201,2022,0.7479644012638637,False
460,064410202,2022,0.9924070332517184,False
460,064410203,2022,0.32011496752223667,False
460,064410204,2022,6.622789953950454e-05,False
460,064410208,2022,0.14088754087125316,False
460,064410701,2022,0.9684087796900072,False
460,064410704,2022,0.48307399113893057,False
460,064410801,2022,0.34234303924671877,False
460,064410810,2022,0.9681430791663824,False
460,064417303,2022,0.589313427700901,False
460,064417304,2022,1.0000000000000004,True
460,064417305,2022,0.9865822025659166,False
460,064417306,2022,0.17567710597575345,False
461,064410701,2022,0.03159122031060021,False
461,064410702,2022,0.8825391948746203,False
461,064410703,2022,0.4990505736274578,False
461,064410704,2022,0.01619726973857603,False
461,064410707,2022,0.003505318505942199,False
461,064410801,2022,0.33524839579868404,False
461,064410802,2022,1.0000000000000004,True
461,064410803,2022,0.9999999999999998,True
461,064410804,2022,0.9834695048411174,False
461,064410805,2022,0.9690868756599447,False
461,064410806,2022,0.03241352918606629,False
461,064410807,2022,0.03096252451295244,False
461,064410810,2022,0.03185692083424367,False
461,064411405,2022,0.4357970166427134,False
462,064410804,2022,0.012464104530881166,False
462,064410805,2022,0.030913124341646836,False
462,064410806,2022,0.0004996116149945823,False
462,064411209,2022,0.044633781680982726,False
462,064411302,2022,0.04092355505875176,False
462,064411303,2022,1.0,True
462,064411304,2022,0.9837618102949984,False
462,064411305,2022,0.9888342055797925,False
462,064411306,2022,0.9886287280251057,False
462,064411307,2022,0.5410532423055697,False
462,064411308,2022,0.9512847533838735,False
462,064411405,2022,0.015368652654318317,False
463,064411209,2022,0.007582866763472742,False
463,064411304,2022,0.016238189705186184,False
463,064411307,2022,0.45894675769381865,False
463,064411308,2022,0.033147530617578504,False
463,064411310,2022,0.909469476467681,False
463,064411807,2022,0.0013020597670928603,False
463,064411901,2022,0.43444412480796507,False
463,064411907,2022,0.2092811180382291,False
463,064417604,2022,0.552127985701888,False
463,064417605,2022,1.0,True
463,064417606,2022,0.016371012660565964,False
463,064417907,2022,0.015818844320644457,False
463,064417909,2022,0.034156071164265056,False
463,064417911,2022,0.9913734770318158,False
463,064417912,2022,1.0,True
464,064411901,2022,0.5317432723584693,False
464,064411903,2022,1.0,True
464,064411904,2022,0.9766183887840559,False
464,064411906,2022,0.6540455533112507,False
464,064411907,2022,0.4376165483287055,False
464,064411912,2022,0.49329584699884266,False
464,064411913,2022,0.9821526816252533,False
464,064412503,2022,0.41083821079516986,False
464,064417909,2022,0.001315821701490185,False
464,064417910,2022,0.036869732642537185,False
464,064417911,2022,0.008626522967816744,False
465,064411901,2022,0.03381260283382094,False
465,064411902,2022,1.0,True
465,064411912,2022,0.5067041530013652,False
465,064412009,2022,0.01651727335653235,False
465,064412501,2022,0.3166124906528603,False
465,064412502,2022,0.2426727965213577,False
465,064412503,2022,0.4302835624801297,False
465,064417901,2022,0.54529815693998,False
465,064417902,2022,0.9999999999999998,True
465,064417903,2022,0.013729705961100356,False
465,064417904,2022,0.009816197950851445,False
465,064417905,2022,1.0,True
465,064417906,2022,0.01824273296498271,False
465,064417908,2022,0.034122949789347864,False
465,064417909,2022,0.031647178674942225,False
465,064417910,2022,0.9631302673566816,False
466,064411207,2022,0.032177548419969566,False
466,064411208,2022,0.03512143822580689,False
466,064411209,2022,0.025851512278923083,False
466,064412007,2022,0.2085875023579491,False
466,064412008,2022,0.9999999999999999,True
466,064412009,2022,0.4603550704738102,False
466,064417602,2022,0.9673247650286441,False
466,064417603,2022,1.0000000000000002,True
466,064417604,2022,0.4478720142973774,False
466,064417606,2022,0.9836289873401443,False
466,064417607,2022,1.0,True
466,064417608,2022,0.983735382284274,False
466,064417906,2022,0.9817572670355739,False
466,064417907,2022,0.9841811556789577,False
466,064417908,2022,0.9658770502099566,False
466,064417909,2022,0.9328809284610097,False
467,064410806,2022,0.015675816351656834,False
467,064410808,2022,0.009063761531307923,False
467,064411201,2022,0.018952932168014438,False
467,064411202,2022,1.0,True
467,064411203,2022,0.02918604083540093,False
467,064411204,2022,0.018774166453152923,False
467,064411206,2022,1.0,True
467,064411207,2022,0.9667221490898334,False
467,064411208,2022,0.9648785617731893,False
467,064411209,2022,0.9219318392770965,False
467,064411301,2022,1.0000000000000002,True
467,064411302,2022,0.9590764449407264,False
468,064410801,2022,0.0830859728868803,False
468,064410806,2022,0.9514110428478805,False
468,064410807,2022,0.9690374754868203,False
468,064410808,2022,0.9909362384686222,False
468,064410809,2022,1.0,True
468,064410901,2022,0.0003630126448625691,False
468,064410902,2022,0.013180914679706505,False
468,064410903,2022,0.01876739352879858,False
468,064410904,2022,1.0,True
468,064410905,2022,0.5164530414799571,False
468,064410907,2022,0.04584902204728717,False
468,064410908,2022,0.9999999999999999,True
468,064410909,2022,0.9999999999999999,True
468,064411201,2022,0.7703738961257032,False
468,064417306,2022,0.00015381859027243237,False
469,064410104,2022,0.47872529406856273,False
469,064410105,2022,0.5046796470823964,False
469,064410112,2022,0.012268908870559316,False
469,064410201,2022,0.24989587290751838,False
469,064410801,2022,0.23932259206760942,False
469,064410901,2022,0.013205035596188106,False
469,064410905,2022,0.4835469585196981,False
469,064410906,2022,1.0,True
469,064410907,2022,0.9541509779527204,False
469,064417301,2022,1.0,True
469,064417302,2022,1.0,True
469,064417303,2022,0.41068657229884464,False
469,064417305,2022,0.013417797433511165,False
469,064417306,2022,0.8241690754336253,False
469,064417307,2022,1.0,True
471,064410102,2022,4.4646756055559216e-05,False
471,064410103,2022,0.5475199248168025,False
471,064410104,2022,0.380911091381472,False
471,064410105,2022,0.41081348853148353,False
471,064410106,2022,1.0000000000000002,True
471,064410107,2022,0.01243134904348013,False
471,064410109,2022,0.5652539493525357,False
471,064410110,2022,0.021802064304585707,False
471,064410111,2022,0.033295354407540355,False
471,064410112,2022,0.07927445730715058,False
471,064410201,2022,8.180703472095522e-05,False
471,064419909,2022,0.35505900954782765,False
472,064410105,2022,1.9714334855759115e-07,False
472,064410110,2022,0.5726032221893542,False
472,064410111,2022,0.8287697455872405,False
472,064410112,2022,0.9084566338224416,False
472,064410901,2022,0.9506439348789898,False
472,064417404,2022,0.0009204063315770292,False
472,064417406,2022,0.15250180479799644,False
473,064410110,2022,1.3605576194960879e-05,False
473,064410111,2022,0.13793490000528894,False
473,064410901,2022,0.03578801688015782,False
473,064410902,2022,0.9868190853200771,False
473,064410903,2022,0.9812326064716194,False
473,064411201,2022,0.210673171706003,False
473,064411203,2022,0.9708139591651339,False
473,064411204,2022,0.9697136810722427,False
473,064411205,2022,0.9565473803938558,False
473,064417406,2022,0.29763148523240346,False
473,064417407,2022,1.0000000000000002,True
473,064417408,2022,1.0000000000000004,True
473,064417502,2022,0.02831875626721831,False
473,064417503,2022,1.0,True
473,064417504,2022,1.0000000000000002,True
473,064417505,2022,1.0,True
473,064417506,2022,0.01576932328176484,False
473,064417507,2022,0.015673269935693696,False
473,064417509,2022,0.03168637256061914,False
473,064417510,2022,0.9870372669414245,False
473,064417511,2022,1.0,True
474,064411204,2022,0.011512152475035136,False
474,064411205,2022,0.04345261960608854,False
474,064411207,2022,0.0011003024904457691,False
474,064412002,2022,0.13541523368800784,False
474,064412003,2022,1.0,True
474,064412004,2022,1.0,True
474,064412005,2022,1.0,True
474,064412006,2022,1.0,True
474,064412007,2022,0.7914124976421079,False
474,064412009,2022,0.5231276561694335,False
474,064412303,2022,0.25834042147558584,False
474,064412501,2022,0.0777588061400467,False
474,064417509,2022,0.000542628939394229,False
474,064417510,2022,0.012962733058842395,False
474,064417601,2022,1.0,True
474,064417602,2022,0.03267523497129276,False
474,064417608,2022,0.016264617715681343,False
474,064417609,2022,1.0,True
474,064417901,2022,0.4547018430600961,False
474,064417903,2022,0.9862702940388625,False
474,064417904,2022,0.9901838020490878,False
474,064418005,2022,0.2923196993880544,False
474,064418006,2022,0.00960230051821502,False
474,064418007,2022,0.6676727548617575,False
474,064418008,2022,1.0000000000000002,True
474,064418009,2022,0.9692857309050028,False
475,064411006,2022,0.6809303700229068,False
475,064411007,2022,0.42893583192667856,False
475,064411008,2022,1.0000000000000002,True
475,064411009,2022,1.0000000000000002,True
475,064411101,2022,0.9999999999999999,True
475,064411102,2022,0.9999999999999998,True
475,064411103,2022,0.9999999999999999,True
475,064411104,2022,1.0,True
475,064411105,2022,0.9999999999999997,True
475,064411106,2022,1.0000000000000002,True
475,064411107,2022,0.9999999999999999,True
475,064411108,2022,1.0,True
475,064411109,2022,1.0000000000000002,True
475,064412001,2022,1.0,True
475,064412002,2022,0.8645847663117255,False
475,064412101,2022,1.0,True
475,064412102,2022,1.0,True
475,064412103,2022,0.9999999999999999,True
475,064412104,2022,1.0,True
475,064412105,2022,1.0000000000000002,True
475,064412106,2022,1.0,True
475,064412107,2022,0.9999999999999996,True
475,064412108,2022,1.0000000000000002,True
475,064412201,2022,0.5102139863842187,False
475,064412202,2022,0.21259696734407402,False
475,064412301,2022,0.5207791515698752,False
475,064412302,2022,0.5203870228077784,False
475,064412303,2022,0.2610820383375327,False
475,064414805,2022,0.009774948928507832,False
475,064414806,2022,0.008550663576753936,False
475,064414809,2022,0.007487401656755555,False
475,064414905,2022,0.015333572288330693,False
475,064414906,2022,0.011578634316244483,False
475,064414907,2022,0.011900122954269374,False
475,064414908,2022,0.00643811371863651,False
475,064415110,2022,0.012961550424113826,False
475,064417401,2022,0.9999999999999998,True
475,064417402,2022,0.025021393932236343,False
475,064417405,2022,0.5106777333869595,False
475,064417406,2022,0.28026721724043535,False
475,064417501,2022,1.0,True
475,064417502,2022,0.9716812437326741,False
475,064417506,2022,0.984230676718252,False
475,064417507,2022,0.9843267300636658,False
475,064417508,2022,1.0000000000000002,True
475,064417509,2022,0.9677709984998879,False
475,064418001,2022,0.9999999999999998,True
475,064418002,2022,1.0,True
475,064418003,2022,0.9999999999999999,True
475,064418004,2022,1.0000000000000002,True
475,064418005,2022,0.7076803006119382,False
475,064418006,2022,0.9903976994817897,False
475,064418007,2022,0.3323272451389541,False
476,064410110,2022,0.390245825771883,False
476,064411002,2022,0.04953487092368117,False
476,064411003,2022,0.041946758386314835,False
476,064411004,2022,0.9999999999999996,True
476,064411005,2022,0.9996661982311446,False
476,064411006,2022,0.31906962997710303,False
476,064411007,2022,0.5710641680733718,False
476,064415107,2022,0.00045063614412525115,False
476,064415108,2022,0.013109091040716263,False
476,064415110,2022,0.006647107651562489,False
476,064417402,2022,0.9749786060673277,False
476,064417403,2022,0.9828223774228528,False
476,064417404,2022,0.987092761314749,False
476,064417405,2022,0.4893222666133151,False
476,064417406,2022,0.26959949272896994,False
477,064410101,2022,1.0000000000000004,True
477,064410102,2022,0.9999553532439828,False
477,064410103,2022,0.45248007518319655,False
477,064410107,2022,0.9875686509567378,False
477,064410108,2022,0.9999999999999998,True
477,064410109,2022,0.4347460506474632,False
477,064410110,2022,0.01533528215757913,False
477,064410113,2022,0.9999999999999998,True
477,064411001,2022,0.9989992912182721,False
477,064411002,2022,0.9504651290759515,False
477,064411003,2022,0.9580532416137947,False
477,064411005,2022,0.00033380176898897785,False
477,064415106,2022,0.011339404597005501,False
477,064415107,2022,0.011182952963230639,False
477,064417403,2022,0.017177622577166336,False
477,064417404,2022,0.01198683235416454,False
477,064419906,2022,0.008728369912315216,False
477,064419907,2022,0.1757638803456308,False
477,064419908,2022,0.9999999999999999,True
477,064419909,2022,0.64494099045209,False
480,064411305,2022,0.011165794420026534,False
480,064411306,2022,0.011371271974675553,False
480,064411308,2022,0.01506803711354019,False
480,064411309,2022,0.9755667943244679,False
480,064411404,2022,0.03043954447780701,False
480,064411405,2022,0.01824670836946387,False
480,064411406,2022,1.0,True
480,064411407,2022,1.0,True
480,064411408,2022,1.0000000000000002,True
480,064411409,2022,0.9999999999999996,True
480,064411410,2022,0.03274627833987146,False
480,064411501,2022,0.24270182329691647,False
480,064411504,2022,0.9714396232755867,False
480,064411505,2022,0.9740872383328417,False
480,064411506,2022,1.0000000000000002,True
480,064411507,2022,0.9780198608768157,False
480,064411508,2022,1.0,True
480,064411509,2022,0.28524296000178717,False
480,064411801,2022,0.05002318395627887,False
480,064417702,2022,0.4779103194925424,False
481,064411308,2022,0.0004996788853616766,False
481,064411309,2022,0.024433205676818642,False
481,064411310,2022,0.09053052353229776,False
481,064411501,2022,0.757298176703398,False
481,064411502,2022,1.0,True
481,064411503,2022,1.0,True
481,064411504,2022,0.028560376724218614,False
481,064411505,2022,0.02591276166691489,False
481,064411801,2022,0.9499768160432082,False
481,064411802,2022,1.0,True
481,064411803,2022,1.0,True
481,064411804,2022,1.0,True
481,064411805,2022,0.988899131776933,False
481,064411806,2022,0.9583110535827072,False
481,064411807,2022,0.9740626335117775,False
481,064411907,2022,0.12068175386120324,False
481,064411908,2022,0.0077021192255329034,False
481,064417701,2022,0.3218401679632498,False
481,064417702,2022,0.47164602745536266,False
481,064417801,2022,0.09727744595538355,False
482,064411702,2022,0.048974258571215186,False
482,064411806,2022,0.03205963623548553,False
482,064411807,2022,0.024635306721686904,False
482,064411808,2022,0.9999999999999998,True
482,064411809,2022,0.9853972754921587,False
482,064411906,2022,0.33352203548342324,False
482,064411907,2022,0.2324205797713674,False
482,064411908,2022,0.9922978807744668,False
482,064411909,2022,0.9999999999999998,True
482,064411910,2022,0.9677934308889534,False
482,064411914,2022,0.9785568749727604,False
482,064417806,2022,0.338512291151381,False
482,064417807,2022,0.4714206213383922,False
483,064411701,2022,0.8924201023822881,False
483,064411702,2022,0.7981249862086759,False
483,064411703,2022,0.5129203284598449,False
483,064411705,2022,0.6284352202501544,False
483,064411706,2022,0.23493074977482156,False
483,064411714,2022,0.6270117589335545,False
483,064411806,2022,0.00037193741956659823,False
483,064411809,2022,0.014602724508450559,False
483,064417801,2022,0.28750613225630345,False
483,064417804,2022,0.36473634525554505,False
483,064417805,2022,0.5148402255376365,False
483,064417806,2022,0.6614877088486552,False
483,064417807,2022,0.5285793786615886,False
484,064410404,2022,0.18298008342597594,False
484,064411607,2022,0.5008528588451999,False
484,064411609,2022,0.15092379516550194,False
484,064411701,2022,0.1075798976170505,False
484,064411706,2022,0.21686107372887084,False
484,064411805,2022,0.011100868224456545,False
484,064411806,2022,0.009257372761693854,False
484,064417701,2022,0.6781598320366282,False
484,064417702,2022,0.04009512029164493,False
484,064417703,2022,0.032282782903040944,False
484,064417706,2022,0.024208544207441174,False
484,064417707,2022,0.9999999999999999,True
484,064417708,2022,1.0,True
484,064417801,2022,0.6152164217878793,False
484,064417802,2022,1.0,True
484,064417803,2022,1.0,True
484,064417804,2022,0.6352636547450745,False
484,064417805,2022,0.4851597744627157,False
485,064410402,2022,0.015066862465584724,False
485,064410403,2022,1.0000000000000004,True
485,064410404,2022,0.8170199165738788,False
485,064410405,2022,0.0315763674471905,False
485,064411507,2022,0.021980139123039776,False
485,064411509,2022,0.05521179556372179,False
485,064411601,2022,0.01577032908834191,False
485,064411606,2022,0.9755577605330735,False
485,064411607,2022,0.48047552293395634,False
485,064417702,2022,0.010348532759959077,False
485,064417703,2022,0.9677172170975848,False
485,064417704,2022,1.0,True
485,064417705,2022,0.8443698412381596,False
485,064417706,2022,0.975791455792532,False
486,064411601,2022,0.0003870087001416002,False
486,064411602,2022,0.01539816114759941,False
486,064411603,2022,1.0000000000000002,True
486,064411604,2022,0.9698896967377195,False
486,064411605,2022,0.9899849159630596,False
486,064411606,2022,0.024442239467506236,False
486,064411607,2022,0.012433635625282323,False
486,064419801,2022,0.009086405828609163,False
486,064419802,2022,0.009105409593864664,False
486,064419805,2022,0.6339012209655809,False
486,064419806,2022,0.3447570433002903,False
486,064419807,2022,0.9898629815018072,False
486,064419808,2022,0.979416576844181,False
486,064419809,2022,0.06164753262002858,False
487,064411604,2022,0.030110303262001994,False
487,064411605,2022,0.010015084037013176,False
487,064411607,2022,0.006237982595435978,False
487,064411608,2022,0.9999999999999998,True
487,064411609,2022,0.8490762048344948,False
487,064411706,2022,0.2622253352093142,False
487,064411707,2022,0.6485242454185082,False
487,064411710,2022,0.3192939475637134,False
487,064411711,2022,0.32551764494686497,False
487,064411713,2022,0.20776010071165216,False
487,064419807,2022,0.01013701849831658,False
487,064419808,2022,0.020583423155707235,False
487,064419809,2022,0.8711350845310954,False
487,064419810,2022,1.0000000000000002,True
488,064411703,2022,0.006956299616130702,False
488,064411704,2022,0.5037821384088097,False
488,064411705,2022,0.37156477975003344,False
488,064411706,2022,0.2859828412873938,False
488,064411707,2022,0.35147575458160457,False
488,064411708,2022,0.9999999999999999,True
488,064411709,2022,1.0,True
488,064411710,2022,0.6807060524361728,False
488,064411711,2022,0.6744823550529637,False
488,064411712,2022,0.6602995518738886,False
488,064411713,2022,0.40562480781367755,False
488,064411714,2022,0.3729882410664308,False
488,064412704,2022,0.3407593460576236,False
493,064417101,2022,0.9766294241188811,True
495,064411702,2022,0.15290075522007052,False
495,064411703,2022,0.4801233719238241,False
495,064411704,2022,0.496217861591204,False
495,064411712,2022,0.339700448126105,False
495,064411713,2022,0.2690628638659986,False
495,064411904,2022,0.0006273398173115494,False
495,064411905,2022,0.7317552361568193,False
495,064411906,2022,0.012432411205719815,False
495,064411910,2022,0.03220656911111533,False
495,064411911,2022,1.0,True
495,064411913,2022,0.0178473183747012,False
495,064411914,2022,0.021443125026986216,False
495,064412414,2022,0.0004942175601081708,False
495,064412506,2022,0.6092181081014199,False
495,064412507,2022,0.786459872344808,False
495,064412508,2022,0.9999999999999998,True
495,064412509,2022,1.0,True
495,064412510,2022,1.0,True
495,064412512,2022,0.706374121279676,False
495,064412601,2022,0.9999999999999999,True
495,064412602,2022,1.0,True
495,064412603,2022,1.0,True
495,064412604,2022,1.0,True
495,064412605,2022,0.9999999999999999,True
495,064412606,2022,1.0,True
495,064412701,2022,0.9999999999999998,True
495,064412702,2022,0.9999999999999998,True
495,064412703,2022,0.9999999999999998,True
495,064412704,2022,0.6592406539424001,False
495,064412705,2022,0.9999999999999998,True
495,064412706,2022,0.9999999999999998,True
495,064412707,2022,1.0,True
495,064412708,2022,0.9999999999999998,True
495,064412709,2022,0.9580694657336436,False
495,064412710,2022,1.0,True
495,064412801,2022,1.0000000000000002,True
495,064412802,2022,1.0000000000000002,True
495,064412803,2022,1.0,True
495,064412804,2022,1.0,True
495,064412805,2022,1.0,True
495,064412806,2022,1.0000000000000002,True
495,064412807,2022,0.9903665799173539,False
495,064412808,2022,0.9783583533337888,False
495,064413101,2022,0.01308644718159201,False
495,064413209,2022,0.011490088137106629,False
495,064413210,2022,0.02354245695604648,False
495,064418101,2022,1.0,True
495,064418102,2022,0.9999999999999999,True
495,064418103,2022,1.0,True
495,064418104,2022,1.0000000000000002,True
495,064418105,2022,0.9999999999999999,True
495,064418106,2022,1.0,True
495,064418107,2022,1.0,True
495,064418108,2022,1.0,True
495,064418109,2022,1.0000000000000002,True
495,064418201,2022,0.9473443412099601,False
495,064418202,2022,1.0,True
495,064418203,2022,1.0000000000000002,True
495,064418204,2022,0.9999999999999999,True
495,064418205,2022,1.0000000000000002,True
495,064418206,2022,0.9556051061302548,False
495,064418207,2022,0.9999999999999996,True
495,064418208,2022,0.9947418047606307,False
495,064418304,2022,0.2610572596442497,False
495,064418305,2022,0.9999999999999998,True
495,064418306,2022,0.4801393709700546,False
496,064410301,2022,0.003140306656906854,False
496,064411713,2022,0.0009308523490664611,False
496,064413201,2022,0.9999999999999999,True
496,064413202,2022,0.3740415489587338,False
496,064413304,2022,0.8346891259111983,False
496,064413305,2022,1.0,True
496,064413306,2022,0.9738522026324895,False
496,064413307,2022,0.9801862947632832,False
496,064413308,2022,0.9922590652283193,False
496,064413309,2022,0.9944013426915549,False
496,064413310,2022,0.9999942668942933,False
496,064413311,2022,0.9999999999999997,True
496,064413401,2022,0.9999999999999999,True
496,064413402,2022,1.0000000000000002,True
496,064413403,2022,1.0000000000000004,True
496,064413404,2022,1.0000000000000002,True
496,064413405,2022,1.0000000000000002,True
496,064413406,2022,1.0000000000000002,True
496,064413407,2022,1.0,True
496,064413408,2022,0.9999999999999998,True
496,064413409,2022,1.0000000000000002,True
496,064413410,2022,1.0000000000000002,True
496,064413411,2022,1.0,True
496,064413412,2022,0.9999440704015874,True
496,064413413,2022,0.004737826535464896,False
496,064413501,2022,1.0,True
496,064413502,2022,1.0,True
496,064413503,2022,1.0,True
496,064413504,2022,1.0000000000000002,True
496,064413505,2022,1.0,True
496,064413506,2022,1.0000000000000002,True
496,064413507,2022,0.9999999999999996,True
496,064413508,2022,0.9999999999999999,True
496,064413509,2022,1.0000000000000004,True
496,064413510,2022,0.9662423637746539,False
496,064413511,2022,1.0,True
496,064413601,2022,1.0,True
496,064413602,2022,1.0000000000000004,True
496,064413603,2022,0.9965298101401993,False
496,064413604,2022,1.5699853505965387e-05,False
496,064416805,2022,5.01722824272193e-06,False
496,064416901,2022,0.0033497087141598765,False
496,064416903,2022,0.018753891408981916,False
496,064416904,2022,0.019761142779575223,False
496,064419601,2022,1.0000000000000004,True
496,064419602,2022,0.9999999999999998,True
496,064419603,2022,0.9999999999999999,True
496,064419604,2022,1.0000000000000004,True
496,064419605,2022,0.9981875639766161,False
496,064419606,2022,0.5355723900490119,False
496,064419804,2022,0.00787996747224767,False
496,064419805,2022,0.044018756447813015,False
496,064419809,2022,0.06721738284889188,False
496A,064413413,2022,0.9952621734645646,False
496A,064413414,2022,0.9999999999999998,True
496A,064413415,2022,1.0000000000000004,True
496A,064413510,2022,0.0017989848440472154,False
496A,064416901,2022,0.7802657000310385,False
496A,064416907,2022,0.7892709792926373,False
496A,064416908,2022,0.3937124839955901,False
496A,064416909,2022,0.882791987620503,False
496A,064416910,2022,0.430013477255693,False
496A,064417001,2022,0.9999807170087052,True
496A,064417002,2022,0.9994348111939718,True
496A,064417003,2022,0.9955925988138121,True
496A,064417004,2022,0.999645177060026,True
496A,064417005,2022,1.0,True
496A,064417006,2022,0.9999999999999998,True
496A,064417007,2022,0.997999100696636,True
496A,064417008,2022,0.9999999999999998,True
496A,064417009,2022,1.0000000000000004,True
496A,064417010,2022,0.9898653173596617,True
496A,064418601,2022,0.5286371616573698,False
496A,064418608,2022,0.19506967443812231,False
496A,064419401,2022,1.0000000000000002,True
496A,064419402,2022,1.0,True
496A,064419403,2022,1.0000000000000002,True
496A,064419404,2022,0.8558604480120579,False
496A,064419405,2022,1.0000000000000004,True
496A,064419406,2022,0.4315151263556095,False
496A,064419410,2022,0.6339017725861441,False
496A,064419411,2022,0.5877195199636677,False
496A,064419412,2022,0.7413693222561164,False
496B,064413510,2022,0.03195865138110598,False
496B,064416801,2022,1.0000000000000002,True
496B,064416802,2022,1.0000000000000002,True
496B,064416803,2022,0.4301848236699395,False
496B,064416804,2022,0.6427481358473334,False
496B,064416805,2022,0.08696899687244966,False
496B,064416901,2022,0.21638459125487775,False
496B,064416902,2022,0.9999999999999998,True
496B,064416903,2022,0.9812461085910028,False
496B,064416904,2022,0.9740800964763958,False
496B,064416905,2022,0.9988250308818731,False
496B,064416906,2022,1.0000000000000002,True
496B,064416907,2022,0.2107290207073674,False
496B,064416908,2022,0.606287516004382,False
496B,064416909,2022,0.1172080123794263,False
496B,064416910,2022,0.569986522744334,False
496B,064416911,2022,1.0,True
496B,064416912,2022,1.0,True
496B,064418501,2022,0.9999999999999998,True
496B,064418502,2022,0.25068417010346966,False
496B,064418503,2022,0.0035199950172488666,False
496B,064419404,2022,0.14413955198793657,False
496B,064419406,2022,0.5684848736445639,False
496B,064419407,2022,1.0000000000000002,True
496B,064419408,2022,1.0000000000000002,True
496B,064419409,2022,1.0,True
496B,064419410,2022,0.36607761594069904,False
496B,064419411,2022,0.0031813965385920485,False
496B,064419605,2022,0.0018124360234046306,False
496C,064411713,2022,0.11003670079252074,False
496C,064413202,2022,0.6259584510412197,False
496C,064413203,2022,1.0000000000000002,True
496C,064413204,2022,1.0,True
496C,064413205,2022,0.6585850135438361,False
496C,064413212,2022,1.0000000000000002,True
496C,064413603,2022,0.0034701898597774396,False
496C,064413604,2022,0.9999843001466969,False
496C,064413605,2022,1.0,True
496C,064413606,2022,1.0,True
496C,064413607,2022,0.9999999999999997,True
496C,064413608,2022,0.9932302344904472,False
496C,064413609,2022,0.9979952988302574,False
496C,064413611,2022,0.6607495506704674,False
496C,064413701,2022,0.6421898626723389,False
496C,064413702,2022,0.9999999999999998,True
496C,064413703,2022,0.26415526365856856,False
496C,064416803,2022,0.5698142328937172,False
496C,064416804,2022,0.35725131362052726,False
496C,064416805,2022,0.9130259580484127,False
496C,064416806,2022,0.9627113583142988,False
496C,064416807,2022,0.15935270517988187,False
496C,064416904,2022,0.006158760744014168,False
496C,064416905,2022,0.0011749691181431416,False
496C,064418502,2022,0.46160642514694106,False
496C,064418503,2022,0.011275899303184657,False
496C,064418504,2022,0.002674575700790075,False
496C,064418507,2022,0.0037783625198521747,False
496C,064418510,2022,0.5610670625637388,False
496C,064418511,2022,0.0007983752591350017,False
496C,064419606,2022,0.4644276099509324,False
496C,064419607,2022,1.0,True
496C,064419608,2022,1.0000000000000002,True
496C,064419609,2022,0.9999999999999999,True
496D,064411713,2022,0.006584674467070775,False
496D,064412709,2022,0.0419305342663427,False
496D,064413205,2022,0.3414149864562019,False
496D,064413206,2022,1.0000000000000002,True
496D,064413207,2022,1.0000000000000004,True
496D,064413208,2022,1.0,True
496D,064413209,2022,0.9885099118629951,False
496D,064413210,2022,0.6094406658117166,False
496D,064413608,2022,0.006769765509528962,False
496D,064413609,2022,0.002004701169793218,False
496D,064413610,2022,0.9999999999999996,True
496D,064413611,2022,0.33925044932964327,False
496D,064413612,2022,1.0000000000000002,True
496D,064413701,2022,0.3578101373275647,False
496D,064413703,2022,0.735844736341402,False
496D,064413704,2022,0.9999999999999999,True
496D,064413705,2022,1.0,True
496D,064413706,2022,0.9999999999999999,True
496D,064413707,2022,0.9999999999999998,True
496D,064413708,2022,1.0000000000000002,True
496D,064413709,2022,0.9999999999999999,True
496D,064413710,2022,1.0,True
496D,064413711,2022,1.0000000000000002,True
496D,064416806,2022,0.03728864168574736,False
496D,064416807,2022,0.8406472948201166,False
496D,064416808,2022,1.0,True
496D,064416809,2022,0.5176007874240832,False
496D,064416810,2022,0.2836612428819948,False
496D,064416811,2022,0.610065252670876,False
496D,064416812,2022,0.20513237695217898,False
496D,064418208,2022,0.00525819523920326,False
496D,064418502,2022,0.2829131083694254,False
496D,064419501,2022,0.9999999999999999,True
496D,064419502,2022,1.0000000000000002,True
496D,064419503,2022,0.9999999999999997,True
496D,064419504,2022,0.84307140463189,False
496E,064416812,2022,0.1533156612233956,False
496E,064418502,2022,0.004795845095465926,False
496E,064418503,2022,0.9852040556805466,False
496E,064418504,2022,0.9973254242991983,False
496E,064418505,2022,1.0000000000000002,True
496E,064418506,2022,1.0000000000000002,True
496E,064418507,2022,0.9962216374801681,False
496E,064418508,2022,1.0,True
496E,064418509,2022,1.0000000000000002,True
496E,064418510,2022,0.4389329374362563,False
496E,064418511,2022,0.9992016247408447,False
496E,064418601,2022,0.4713628383426411,False
496E,064418602,2022,1.0,True
496E,064418603,2022,1.0000000000000002,True
496E,064418604,2022,0.9999999999999996,True
496E,064418605,2022,1.0000000000000002,True
496E,064418606,2022,0.9999999999999997,True
496E,064418607,2022,1.0000000000000004,True
496E,064418608,2022,0.019903967795479222,False
496E,064418609,2022,0.08478833694793726,False
496E,064418610,2022,0.9999999999999993,True
496E,064418611,2022,0.39242467141510534,False
496E,064419410,2022,2.0611473133403614e-05,False
496E,064419411,2022,0.4090990834977886,False
496E,064419412,2022,0.2586306777438554,False
496F,064418608,2022,0.7850263577664262,False
496F,064418609,2022,0.24353393215349778,False
497,064412807,2022,0.009633420082727419,False
497,064412808,2022,0.021641646666063757,False
497,064413007,2022,0.0016564992637911806,False
497,064413008,2022,0.009734365319950967,False
497,064413009,2022,0.012967162702794336,False
497,064413101,2022,0.986913316699618,False
497,064413102,2022,1.0000000000000002,True
497,064413103,2022,1.0000000000000002,True
497,064413104,2022,1.0000000000000002,True
497,064413105,2022,1.0,True
497,064413106,2022,1.0000000000000002,True
497,064413107,2022,0.9999999999999999,True
497,064413108,2022,1.0,True
497,064413901,2022,1.0,True
497,064413902,2022,1.0,True
497,064413903,2022,0.9805356971457441,False
497,064413904,2022,0.008173816902465277,False
497,064413905,2022,0.0013625759963484905,False
497,064414001,2022,0.9999992062830139,False
497,064414002,2022,1.0000000000000002,True
497,064414003,2022,1.0000000000000002,True
497,064414004,2022,1.0000000000000002,True
497,064414005,2022,0.025749739264227075,False
497,064414007,2022,0.11631086056804374,False
497,064414008,2022,0.5210323531776206,False
497,064414304,2022,0.009369985315227529,False
497,064414305,2022,0.011444660159255987,False
497,064414310,2022,0.00010474487123834808,False
497,064418201,2022,0.005192611004344572,False
497,064418306,2022,0.0051921928824080294,False
497,064418401,2022,1.0000000000000002,True
497,064418402,2022,0.9999999999999999,True
497,064418403,2022,1.0,True
497,064418404,2022,0.8355529886712889,False
497,064418406,2022,0.1331010810418063,False
497,064418407,2022,0.9832355185308715,False
497,064418408,2022,0.9788699132133709,False
497A,064414116,2022,0.19826332634130767,False
497A,064416701,2022,0.993032723469292,False
497A,064416702,2022,0.00037537873965858194,False
497A,064416703,2022,7.938441432619964e-06,False
497A,064416705,2022,0.7957925636888356,False
497A,064416813,2022,0.003036443685095831,False
497A,064416814,2022,0.7375134084945068,False
497A,064418609,2022,0.2409000835139376,False
497A,064419107,2022,0.005108017844311449,False
497A,064419111,2022,0.29018831415076124,False
497B,064413210,2022,0.36701687723222093,False
497B,064413211,2022,0.9999999999999999,True
497B,064413801,2022,1.0000000000000004,True
497B,064413802,2022,0.9999999999999999,True
497B,064413803,2022,0.9999999999999998,True
497B,064413804,2022,0.9999999999999998,True
497B,064413805,2022,1.0,True
497B,064413806,2022,0.008949210475615836,False
497B,064413808,2022,0.011664134179192782,False
497B,064413811,2022,0.9999999999999998,True
497B,064413812,2022,0.00670627912644181,False
497B,064413903,2022,0.01946430285414517,False
497B,064413905,2022,5.9181163774944684e-05,False
497B,064416809,2022,0.48203492777886975,False
497B,064416810,2022,0.7127885993065302,False
497B,064416811,2022,0.3896850418788336,False
497B,064416812,2022,0.3569118234361773,False
497B,064416813,2022,0.0003067279929939308,False
497B,064418201,2022,0.04746304778578738,False
497B,064418206,2022,0.044394893869721806,False
497B,064418404,2022,0.1644470113288778,False
497B,064418405,2022,0.9999999999999999,True
497B,064418406,2022,0.8668989189581825,False
497B,064418407,2022,0.01676448146902443,False
497B,064418408,2022,0.021130086786688238,False
497B,064418609,2022,0.0400504670199821,False
497B,064418611,2022,0.6075753285848833,False
497B,064419504,2022,0.15692859536813494,False
497B,064419505,2022,1.0000000000000002,True
497B,064419506,2022,0.7316917298160565,False
497B,064419510,2022,0.037892184014640666,False
497C,064413908,2022,0.00411308720873639,False
497C,064413909,2022,0.7402567687351101,False
497C,064413910,2022,0.001069358962121888,False
497C,064414005,2022,0.5637343901915625,False
497C,064414006,2022,0.45125542112676786,False
497C,064414007,2022,0.8836891394320782,False
497C,064414008,2022,0.4789676468223988,False
497C,064414009,2022,0.9999060391579256,False
497C,064414010,2022,0.9999999999999998,True
497C,064414011,2022,0.9984068405442464,False
497C,064414012,2022,0.9684676074341243,False
497C,064414013,2022,0.949716339706823,False
497C,064414101,2022,0.9687618687216808,False
497C,064414102,2022,0.9590811119308835,False
497C,064414103,2022,0.16834751967915815,False
497C,064414113,2022,0.40041957378469517,False
497C,064414114,2022,0.011348635710870674,False
497C,064414310,2022,0.009233089680757083,False
497C,064414312,2022,0.0002210673754463089,False
497C,064414313,2022,0.00047541569498226176,False
497D,064413904,2022,0.9918261830974582,False
497D,064413905,2022,0.9709717198942328,False
497D,064413906,2022,0.9750136933218803,False
497D,064413907,2022,1.0,True
497D,064413908,2022,0.9958869127914224,False
497D,064413909,2022,0.25974323126469284,False
497D,064413910,2022,0.9898923605969692,False
497D,064414005,2022,0.4105158705441472,False
497D,064414006,2022,0.5487445788732864,False
497D,064414013,2022,0.050283660293228866,False
497D,064414103,2022,0.8316524803209872,False
497D,064414104,2022,0.6520423314733955,False
497D,064414105,2022,0.9951140838404101,False
497D,064414106,2022,0.0014756972466913327,False
497D,064414113,2022,0.5995804262152561,False
497D,064414114,2022,0.9722922014526413,False
497E,064413806,2022,0.9910507895243933,False
497E,064413807,2022,1.0000000000000002,True
497E,064413808,2022,0.9883358658207355,False
497E,064413809,2022,1.0,True
497E,064413810,2022,0.9999999999999999,True
497E,064413812,2022,0.9932937208736006,False
497E,064413905,2022,0.027606522945771997,False
497E,064413906,2022,0.024986306678046865,False
497E,064413910,2022,0.009038280440798232,False
497E,064414104,2022,0.3436779455287839,False
497E,064414105,2022,0.0048859161596045385,False
497E,064414106,2022,0.998524302753392,False
497E,064414107,2022,0.9999999999999998,True
497E,064414108,2022,1.0,True
497E,064414109,2022,1.0,True
497E,064414110,2022,1.0000000000000002,True
497E,064414111,2022,0.9999999999999999,True
497E,064414115,2022,1.0,True
497E,064414116,2022,0.4401473757804503,False
497E,064414118,2022,0.33169250034206615,False
497E,064416809,2022,0.0003642847970396166,False
497E,064416810,2022,0.003550157811499772,False
497E,064416811,2022,0.0002497054502791092,False
497E,064416812,2022,0.28464013838826324,False
497E,064416813,2022,0.9966568283219078,False
497E,064416814,2022,0.2624865915054778,False
497E,064418609,2022,0.38929809772466223,False
497E,064419506,2022,0.2683082701839184,False
497E,064419507,2022,0.9999999999999998,True
497E,064419508,2022,1.0000000000000002,True
497E,064419509,2022,1.0000000000000002,True
497E,064419510,2022,0.9621078159853895,False
497F,064414102,2022,0.014350748362554412,False
497F,064414104,2022,0.004279722997750831,False
497F,064414112,2022,0.9704103208861321,False
497F,064414114,2022,0.016359162836528884,False
497F,064414116,2022,0.3615892978782542,False
497F,064414117,2022,0.9961337064619206,False
497F,064414118,2022,0.6683074996579372,False
497F,064416704,2022,0.0003625159551293315,False
497F,064419107,2022,0.9240202571686804,False
497F,064419108,2022,0.9644534123442078,False
497F,064419109,2022,0.9820954028494697,False
497F,064419110,2022,0.9999999999999996,True
497F,064419111,2022,0.7098116858492538,False
497F,064419204,2022,0.009668628306968642,False
497F,064419210,2022,3.11111665106286e-05,False
498,064416701,2022,0.0069672765307073285,False
498,064416702,2022,0.9941802089165181,False
498,064416703,2022,0.9999920615585673,False
498,064416704,2022,0.9996374840448666,False
498,064416705,2022,0.20249795956846786,False
498,064416706,2022,0.9713109908420339,False
498,064416707,2022,0.9734341414418504,True
498,064416708,2022,0.9707572338162398,True
498,064416709,2022,1.0000000000000004,True
498,064416710,2022,1.0,True
498,064419005,2022,0.004349679086370146,False
498,064419006,2022,0.013872760805986633,False
498,064419107,2022,0.06725698760747378,False
498,064419204,2022,8.802654019718258e-06,False
498,064419205,2022,0.0014568982072497765,False
498,064419207,2022,0.004825084942697119,False
498,064419208,2022,0.003935354049320805,False
498,064419209,2022,0.09117674614864514,False
498,064419210,2022,0.999968888833476,False
501,064411904,2022,0.02275427139862111,False
501,064411905,2022,0.2682447638431273,False
501,064412201,2022,0.4897860136157845,False
501,064412202,2022,0.7874030326559183,False
501,064412203,2022,1.0000000000000002,True
501,064412204,2022,1.0000000000000002,True
501,064412205,2022,1.0,True
501,064412206,2022,1.0000000000000002,True
501,064412207,2022,1.0000000000000002,True
501,064412208,2022,1.0,True
501,064412209,2022,0.9999999999999996,True
501,064412210,2022,1.0000000000000002,True
501,064412301,2022,0.4792208484301483,False
501,064412302,2022,0.47961297719220186,False
501,064412303,2022,0.48057754018664894,False
501,064412304,2022,1.0,True
501,064412305,2022,1.0000000000000002,True
501,064412306,2022,1.0000000000000004,True
501,064412307,2022,1.0,True
501,064412308,2022,0.9999999999999998,True
501,064412309,2022,0.9999999999999999,True
501,064412401,2022,1.0,True
501,064412402,2022,0.9999999999999998,True
501,064412403,2022,1.0,True
501,064412404,2022,1.0000000000000002,True
501,064412405,2022,1.0,True
501,064412406,2022,1.0,True
501,064412407,2022,1.0,True
501,064412408,2022,1.0000000000000002,True
501,064412409,2022,0.9999999999999998,True
501,064412410,2022,1.0000000000000002,True
501,064412411,2022,1.0000000000000002,True
501,064412412,2022,1.0000000000000002,True
501,064412413,2022,1.0,True
501,064412414,2022,0.9995057824397664,False
501,064412501,2022,0.605628703207231,False
501,064412502,2022,0.7573272034784969,False
501,064412503,2022,0.15887822672414648,False
501,064412504,2022,1.0000000000000002,True
501,064412505,2022,1.0000000000000002,True
501,064412506,2022,0.390781891898342,False
501,064412507,2022,0.21354012765520747,False
501,064412511,2022,1.0,True
501,064412512,2022,0.29362587872047224,False
501,064412901,2022,1.0,True
501,064412902,2022,1.0,True
501,064412903,2022,1.0000000000000002,True
501,064412904,2022,1.0,True
501,064412905,2022,1.0000000000000002,True
501,064412906,2022,1.0000000000000002,True
501,064412907,2022,1.0000000000000002,True
501,064412908,2022,1.0,True
501,064413001,2022,0.9999999999999998,True
501,064413002,2022,0.9919381769557554,False
501,064413003,2022,0.9930591848752319,False
501,064413004,2022,0.9934170949871631,False
501,064413005,2022,0.9832031626093907,False
501,064413006,2022,0.9999999999999999,True
501,064413007,2022,0.9983435007356846,False
501,064413008,2022,0.9902656346803486,False
501,064413009,2022,0.9779104343024643,False
501,064414601,2022,0.5109971046434062,False
501,064414602,2022,0.9920435682683185,False
501,064414603,2022,0.9866795867502611,False
501,064414604,2022,0.9890809315325674,False
501,064414605,2022,1.0000000000000002,True
501,064414606,2022,1.0000000000000002,True
501,064414607,2022,0.9973327535907793,False
501,064414608,2022,0.993466921620401,False
501,064414609,2022,0.9888753121939092,False
501,064414701,2022,0.03257197207498662,False
501,064414702,2022,1.0000000000000002,True
501,064414703,2022,0.6059339803780768,False
501,064414704,2022,1.0,True
501,064414705,2022,0.9999999999999999,True
501,064414706,2022,0.9999999999999999,True
501,064414707,2022,0.9999999999999999,True
501,064414708,2022,1.0,True
501,064414709,2022,1.0,True
501,064414710,2022,0.013923239160147765,False
501,064414711,2022,0.02283754546478011,False
501,064414712,2022,1.0,True
501,064414713,2022,1.0,True
501,064414714,2022,0.999894031366978,False
501,064414807,2022,0.017765169330423252,False
501,064414808,2022,0.018319336221041954,False
501,064414809,2022,0.6292691528274619,False
501,064415309,2022,0.004305760456012909,False
501,064415310,2022,0.00919579573202932,False
501,064418009,2022,0.030714269094955775,False
501,064418301,2022,0.9999999999999999,True
501,064418302,2022,0.9999999999999999,True
501,064418303,2022,0.9999999999999999,True
501,064418304,2022,0.7389427403558331,False
501,064418306,2022,0.5146684361477835,False
501,064418307,2022,1.0,True
501,064418308,2022,1.0000000000000002,True
502,064411001,2022,0.0010007087817371788,False
502,064414701,2022,0.9674280279250831,False
502,064414703,2022,0.39406601962190524,False
502,064414711,2022,0.9771624545349674,False
502,064414801,2022,1.0000000000000002,True
502,064414802,2022,0.9999999999999999,True
502,064414803,2022,0.9999999999999999,True
502,064414804,2022,0.9999999999999996,True
502,064414805,2022,0.9902250510714288,False
502,064414806,2022,0.99144933642334,False
502,064414807,2022,0.9822348306698958,False
502,064414808,2022,0.9816806637786668,False
502,064414809,2022,0.3632434455157651,False
502,064414901,2022,0.9999999999999999,True
502,064414902,2022,0.9999999999999999,True
502,064414903,2022,1.0000000000000004,True
502,064414904,2022,0.9999999999999999,True
502,064414905,2022,0.9846664277117153,False
502,064414906,2022,0.9884213656836529,False
502,064414907,2022,0.9880998770457822,False
502,064414908,2022,0.9935618862813648,False
502,064414909,2022,1.0,True
502,064414910,2022,1.0000000000000004,True
502,064415001,2022,1.0000000000000002,True
502,064415002,2022,1.0000000000000002,True
502,064415003,2022,1.0,True
502,064415004,2022,0.9999999999999997,True
502,064415005,2022,1.0000000000000002,True
502,064415006,2022,0.9999999999999999,True
502,064415007,2022,1.0,True
502,064415008,2022,0.9999999999999997,True
502,064415009,2022,0.9999999999999999,True
502,064415010,2022,0.9999999999999999,True
502,064415011,2022,1.0000000000000004,True
502,064415101,2022,0.9999999999999999,True
502,064415102,2022,0.9999999999999999,True
502,064415103,2022,1.0,True
502,064415104,2022,1.0000000000000002,True
502,064415105,2022,0.9999999999999999,True
502,064415106,2022,0.9886605954030668,False
502,064415107,2022,0.9883664108926657,False
502,064415108,2022,0.9868909089593427,False
502,064415109,2022,1.0,True
502,064415110,2022,0.9803913419245867,False
502,064415201,2022,0.9964041652985401,True
502,064415202,2022,1.0000000000000002,True
502,064415203,2022,0.9999999999999997,True
502,064415204,2022,1.0000000000000004,True
502,064415205,2022,0.9999999999999998,True
502,064415206,2022,1.0,True
502,064415207,2022,0.9999999999999999,True
502,064415208,2022,0.9999999999999999,True
502,064415209,2022,1.0,True
502,064415210,2022,1.0000000000000002,True
502,064415211,2022,0.9942175409644357,True
502,064415301,2022,1.0,True
502,064415302,2022,1.0000000000000002,True
502,064415303,2022,1.0000000000000002,True
502,064415304,2022,1.0000000000000002,True
502,064415305,2022,1.0,True
502,064415306,2022,0.9999999999999999,True
502,064415307,2022,1.0,True
502,064415308,2022,1.0,True
502,064415309,2022,0.7378637196678363,False
502,064415402,2022,0.03145946328464691,False
502,064415406,2022,0.16172218367677835,False
502,064415407,2022,0.006947840266649422,False
502,064415410,2022,0.03441975521821025,False
502,064419701,2022,0.9999999696737228,False
502,064419702,2022,0.4097908192812909,False
502,064419901,2022,1.0,True
502,064419902,2022,1.0,True
502,064419903,2022,1.0000000000000002,True
502,064419904,2022,0.9999999999999996,True
502,064419905,2022,0.9999999999999999,True
502,064419906,2022,0.9912716300876405,False
502,064419907,2022,0.8242361196543522,False
503,064415502,2022,0.41938440387404524,False
503,064415503,2022,0.9999999999999998,True
503,064415504,2022,1.0000000000000002,True
503,064415505,2022,0.0007324095830961763,False
503,064415509,2022,0.25264973405764135,False
503,064415512,2022,2.996404487978913e-07,False
503,064415513,2022,0.9999999999999993,True
503,064415514,2022,0.9999999999999997,True
503,064415516,2022,0.9999999999999996,True
503,064415517,2022,0.00422072921752267,False
503,064416409,2022,0.00493627046035503,False
503,064416414,2022,0.01101748634694023,False
503,064419301,2022,0.9868120619314253,False
503,064419302,2022,0.9983800120702311,False
503,064419303,2022,0.9767875601272233,False
503,064419304,2022,0.005888185619120595,False
503,064419308,2022,0.5407528350729889,False
503,064419309,2022,0.8163213983611312,False
503,064419310,2022,1.0,True
503,064419311,2022,0.9999999999999998,True
503,064419312,2022,0.8253676485145607,False
503,064419313,2022,0.06804400845864933,False
503,064419314,2022,0.6666363286951391,False
503A,064414201,2022,0.010479082375320057,False
503A,064414211,2022,0.029145970969809865,False
503A,064414501,2022,0.0033665326561991642,False
503A,064414507,2022,0.0002926082780499992,False
503A,064414508,2022,0.0006691223369635374,False
503A,064414601,2022,0.4765523479369142,False
503A,064414710,2022,0.9860767608398548,False
503A,064414714,2022,0.00010596863302796346,False
503A,064415309,2022,0.25783051987614936,False
503A,064415310,2022,0.9908042042679689,False
503A,064415410,2022,0.004704722221626826,False
503A,064415507,2022,0.0053393386156352345,False
503A,064415508,2022,0.002647526334111574,False
503A,064415509,2022,0.18492417930442953,False
503A,064415510,2022,1.0000000000000002,True
503A,064415511,2022,1.0,True
503A,064415515,2022,0.01311527489408646,False
503A,064415517,2022,0.9957792707822933,False
503A,064415608,2022,8.099324993826166e-05,False
503A,064418701,2022,1.089790100224197e-07,False
503A,064418702,2022,0.020355214580687248,False
503A,064419312,2022,0.17201207144685673,False
503A,064419313,2022,0.930189512419773,False
503A,064419314,2022,0.3333636713049028,False
503A,064419315,2022,0.9981416314473391,False
503A,064419701,2022,3.032634261336585e-08,False
503A,064419702,2022,0.5902091807186889,False
503A,064419703,2022,0.41078766298851,False
503A,064419704,2022,0.009878857867246169,False
503A,064419705,2022,0.9999999999999997,True
503A,064419706,2022,1.0000000000000002,True
503A,064419707,2022,0.9999999999999999,True
503A,064419708,2022,1.0,True
503A,064419709,2022,0.9999999999999999,True
504,064415501,2022,0.0015030564991656513,False
504,064415502,2022,0.0020306188779621146,False
504,064415601,2022,0.0012220919513806962,False
504,064415603,2022,0.00032230036442260903,False
504,064415604,2022,0.01639722264812565,False
504,064415605,2022,0.00029548849539102437,False
504,064415611,2022,0.01692719411379658,False
504,064415612,2022,6.076642848805935e-06,False
504,064415703,2022,0.3531387224653085,False
504,064415704,2022,1.0000000000000002,True
504,064415705,2022,0.9825881448523524,True
504,064415706,2022,0.9993367559667694,False
504,064415707,2022,0.9983657837855419,True
504,064415714,2022,1.0,True
504,064415715,2022,0.9985162488395612,True
504,064415716,2022,0.21546194539299224,False
504,064415801,2022,0.9999999999999999,True
504,064415802,2022,0.9999999999999998,True
504,064415803,2022,1.0,True
504,064415804,2022,0.9999999999999997,True
504,064415805,2022,1.0,True
504,064415806,2022,1.0,True
504,064415807,2022,0.9983128234558296,False
504,064415808,2022,1.0,True
504,064415901,2022,1.0,True
504,064415902,2022,1.0000000000000004,True
504,064415903,2022,1.0,True
504,064415904,2022,1.0,True
504,064415905,2022,1.0,True
504,064415906,2022,0.9910245251341562,False
504,064415907,2022,0.9928468286613767,False
504,064415908,2022,1.0000000000000002,True
504,064415909,2022,1.0,True
504,064415910,2022,0.9999999999999999,True
504,064416001,2022,0.9999999999999999,True
504,064416002,2022,1.0000000000000002,True
504,064416003,2022,0.9999999999999999,True
504,064416004,2022,1.0000000000000004,True
504,064416005,2022,1.0,True
504,064416006,2022,0.9999999999999999,True
504,064416007,2022,0.9999999999999998,True
504,064416008,2022,1.0000000000000002,True
504,064416009,2022,0.9999999999999994,True
504,064416010,2022,1.0000000000000002,True
504,064416011,2022,1.000000000000001,True
504,064416012,2022,1.0000000000000007,True
504,064416104,2022,0.5007011955280287,False
504,064416105,2022,0.011117072120160868,False
504,064416106,2022,0.008075357883682775,False
504,064416107,2022,0.9999999999999997,True
504,064416108,2022,0.9993040177402616,False
504,064416109,2022,0.9999999999999992,True
504,064416110,2022,1.0,True
504,064416111,2022,0.9986725476946848,False
504,064416112,2022,0.9999053209973215,False
504,064416213,2022,0.9863114784441189,False
504,064416215,2022,0.028205205465015405,False
504,064416216,2022,1.0000000000000002,True
504,064416303,2022,0.006843278561112011,False
504,064416304,2022,0.008299214987723414,False
504,064416312,2022,0.004153930327119797,False
504,064416412,2022,0.10353619013356011,False
504,064416413,2022,1.0000000000000002,True
504,064416414,2022,0.9235276627238849,False
504,064419304,2022,0.9941118143808773,False
504,064419305,2022,1.0,True
504,064419306,2022,1.0,True
504,064419307,2022,0.9986209198197683,False
504,064419308,2022,0.4587825616382965,False
504,064419309,2022,0.18367860163887914,False
504A,064415401,2022,1.0,True
504A,064415402,2022,0.9685405367154984,False
504A,064415403,2022,1.0000000000000002,True
504A,064415404,2022,1.0000000000000002,True
504A,064415405,2022,0.9999999999999998,True
504A,064415406,2022,0.8382778163232409,False
504A,064415407,2022,0.9930521597334353,False
504A,064415408,2022,1.0,True
504A,064415409,2022,1.0000000000000002,True
504A,064415410,2022,0.9608755225602404,False
504A,064415501,2022,0.9984969435008404,False
504A,064415502,2022,0.5785849772479955,False
504A,064415505,2022,0.9992675904168996,False
504A,064415506,2022,1.0000000000000002,True
504A,064415507,2022,0.9946606613842817,False
504A,064415508,2022,0.9973524736659912,False
504A,064415509,2022,0.5624260866379258,False
504A,064415512,2022,0.999999700359519,False
504A,064415515,2022,0.9868847251058708,False
504A,064415601,2022,0.9987779080486229,False
504A,064415602,2022,1.0,True
504A,064415603,2022,0.9996776996355482,False
504A,064415604,2022,0.9836027773518982,False
504A,064415605,2022,0.9997045115046307,False
504A,064415606,2022,1.0000000000000002,True
504A,064415607,2022,1.0000000000000002,True
504A,064415608,2022,0.9999190067501526,False
504A,064415609,2022,1.0,True
504A,064415610,2022,1.0,True
504A,064415611,2022,0.9830728058861999,False
504A,064415612,2022,0.9999939233571459,False
504A,064415706,2022,0.0006632440330749934,False
504A,064415708,2022,0.9999999999999998,True
504A,064415709,2022,1.0000000000000002,True
504A,064415710,2022,1.0000000000000002,True
504A,064415711,2022,1.0000000000000002,True
504A,064415712,2022,0.9999999999999999,True
504A,064415713,2022,0.9981251213858441,True
504A,064415716,2022,0.7845380546070522,False
504A,064415717,2022,1.0,True
504A,064415718,2022,1.0000000000000002,True
504A,064415807,2022,0.0016871765442101282,False
504A,064415906,2022,0.008975474865840183,False
504A,064415907,2022,0.007153171338632276,False
504A,064419307,2022,0.001379080180231861,False
504A,064419308,2022,0.000464603288705588,False
504A,064419703,2022,0.589212337011431,False
504A,064419704,2022,0.990121142132683,False
505,064415701,2022,0.9940748907829399,True
505,064415702,2022,0.9976767222427554,True
505,064415703,2022,0.629446747356589,False
505,064416101,2022,1.0000000000000002,True
505,064416102,2022,1.0000000000000002,True
505,064416103,2022,1.0000000000000002,True
505,064416104,2022,0.49929880447186226,False
505,064416105,2022,0.9888829278798209,False
505,064416106,2022,0.9919246421163169,False
505,064416108,2022,0.0006959822597360694,False
505,064416112,2022,9.46790026787602e-05,False
505,064416201,2022,0.99663357167776,False
505,064416202,2022,1.0000000000000002,True
505,064416203,2022,0.9999999999999996,True
505,064416204,2022,1.0000000000000002,True
505,064416205,2022,0.9999999999999998,True
505,064416206,2022,0.9999999999999998,True
505,064416207,2022,1.0000000000000002,True
505,064416208,2022,1.0000000000000004,True
505,064416209,2022,1.0,True
505,064416210,2022,1.0,True
505,064416211,2022,1.0000000000000002,True
505,064416212,2022,0.9999999999999996,True
505,064416213,2022,0.013688521555882316,False
505,064416214,2022,1.0000000000000004,True
505,064416215,2022,0.9717947945350031,False
505,064416301,2022,0.9895619942348849,False
505,064416302,2022,0.2778515610963417,False
505,064416303,2022,0.3303503739239303,False
505A,064416111,2022,0.0013274523053136964,False
505A,064416201,2022,0.002117203168731121,False
505A,064416301,2022,0.010438005765115676,False
505A,064416302,2022,0.7221484389036339,False
505A,064416303,2022,0.6628063475149661,False
505A,064416304,2022,0.9917007850122805,False
505A,064416305,2022,1.0,True
505A,064416306,2022,1.0,True
505A,064416307,2022,1.0,True
505A,064416308,2022,1.0,True
505A,064416309,2022,1.0,True
505A,064416310,2022,1.0000000000000002,True
505A,064416311,2022,0.9999999999999997,True
505A,064416312,2022,0.9958460696728605,False
505A,064416313,2022,0.995850223053458,False
505A,064416314,2022,0.9999999999999999,True
505A,064416401,2022,0.9574429585195408,False
505A,064416402,2022,1.0,True
505A,064416403,2022,1.0,True
505A,064416404,2022,0.9999999999999997,True
505A,064416405,2022,1.0,True
505A,064416406,2022,1.0,True
505A,064416407,2022,0.9999999999999999,True
505A,064416408,2022,0.9536004281599721,False
505A,064416409,2022,0.9854190852827686,False
505A,064416410,2022,1.0000000000000002,True
505A,064416411,2022,0.9999999999999998,True
505A,064416412,2022,0.8964638098663478,False
505A,064416414,2022,0.06545485092923671,False
505A,064419301,2022,0.007746881511971214,False
505A,064419302,2022,0.001619987929742269,False
505A,064419303,2022,0.023212439872734043,False
505B,064416313,2022,0.0037468166372935305,False
505B,064416401,2022,0.04255704148032536,False
505B,064416408,2022,0.04639957184003992,False
505B,064416409,2022,0.009400814615864601,False
505B,064416501,2022,1.0000000000000002,True
505B,064416502,2022,1.0,True
505B,064416503,2022,0.7043154743188018,False
505B,064416504,2022,0.8081109007628834,False
505B,064416505,2022,1.0,True
505B,064416506,2022,1.0000000000000004,True
505B,064416507,2022,1.0000000000000004,True
505B,064416508,2022,1.0000000000000002,True
505B,064416509,2022,1.0,True
505B,064416510,2022,1.0,True
505B,064416511,2022,1.0,True
505B,064416512,2022,0.9930385910313098,True
508,064414401,2022,0.9875851699885174,False
508,064414402,2022,0.9934233441781495,False
508,064414403,2022,1.0000000000000002,True
508,064414404,2022,0.9737468507184345,False
508,064414501,2022,0.9966334673438169,False
508,064414502,2022,0.9999999999999997,True
508,064414503,2022,1.0000000000000002,True
508,064414504,2022,1.0,True
508,064414505,2022,0.9999999999999998,True
508,064414506,2022,0.9999999999999999,True
508,064414507,2022,0.5139347755149645,False
508,064414510,2022,0.9917122267005557,False
508,064414511,2022,0.9889131823616931,False
508,064414512,2022,0.5881643709921354,False
508,064414513,2022,0.13775573520708345,False
508,064414601,2022,0.012450547419613666,False
508,064414602,2022,0.007956431731692462,False
508,064414603,2022,0.01332041324967688,False
508,064414604,2022,0.010762466399402908,False
508,064419315,2022,0.0013940656960278364,False
508A,064413002,2022,0.008061823044265145,False
508A,064413003,2022,0.00694081512475571,False
508A,064413004,2022,0.006582905012838939,False
508A,064413005,2022,0.016796837390625943,False
508A,064413009,2022,0.009122402994517526,False
508A,064413101,2022,2.3611880144223576e-07,False
508A,064414001,2022,7.937167836098391e-07,False
508A,064414009,2022,9.39608420603977e-05,False
508A,064414301,2022,0.9999999999999999,True
508A,064414302,2022,0.9999999999999998,True
508A,064414303,2022,1.0,True
508A,064414304,2022,0.9906300146848784,False
508A,064414305,2022,0.9885553398408212,False
508A,064414306,2022,1.0,True
508A,064414307,2022,0.9999999999999998,True
508A,064414308,2022,0.9999999999999999,True
508A,064414309,2022,0.8907813429930675,False
508A,064414310,2022,0.9906621654479691,False
508A,064414311,2022,0.9999999999999999,True
508A,064414312,2022,0.9593672417116194,False
508A,064414315,2022,0.4562412276774037,False
508A,064414401,2022,0.012414830011434773,False
508A,064414402,2022,0.0065766558218693935,False
508A,064414404,2022,0.02625314928182089,False
508A,064414405,2022,1.0,True
508A,064414406,2022,1.0,True
508A,064414407,2022,0.9999999999999999,True
508A,064414408,2022,0.5776415178305386,False
508A,064414410,2022,0.29465164652721887,False
508A,064414411,2022,0.9999999999999994,True
508A,064414412,2022,1.0000000000000002,True
508A,064414511,2022,0.011086817638315037,False
508A,064414513,2022,0.001833625331304582,False
508A,064414604,2022,0.00015660206792427603,False
508A,064414607,2022,0.0026672464092654473,False
508A,064414608,2022,0.006533078379561925,False
508A,064414609,2022,0.011124687806179822,False
508B,064414201,2022,0.9870799530123541,False
508B,064414202,2022,0.9967696540100115,False
508B,064414203,2022,1.0000000000000002,True
508B,064414204,2022,1.0,True
508B,064414205,2022,0.9923044364714391,False
508B,064414206,2022,0.9999999999999998,True
508B,064414207,2022,0.9999999999999998,True
508B,064414208,2022,0.24516264014642855,False
508B,064414209,2022,0.2486313048474285,False
508B,064414507,2022,0.4857726162070723,False
508B,064414508,2022,0.9993308776629142,False
508B,064414509,2022,0.9999999999999996,True
508B,064414510,2022,0.008287773299491262,False
508B,064414512,2022,0.4118356290078143,False
508B,064414513,2022,0.8531197774926598,False
508B,064418708,2022,0.4470168283222592,False
508B,064419313,2022,2.005874305693647e-05,False
508B,064419315,2022,0.0004643028566391921,False
508C,064414011,2022,0.0015931594558053698,False
508C,064414012,2022,0.03153239256591771,False
508C,064414101,2022,0.03101563517564037,False
508C,064414205,2022,0.00769556352851614,False
508C,064414309,2022,0.10921865700694065,False
508C,064414312,2022,0.04041169091299008,False
508C,064414313,2022,0.9995245843049256,False
508C,064414314,2022,1.0000000000000002,True
508C,064414315,2022,0.5437587723225857,False
508C,064414316,2022,0.9999999999999999,True
508C,064414408,2022,0.42235848216956434,False
508C,064414409,2022,1.0000000000000004,True
508C,064414410,2022,0.705348353472736,False
508C,064414413,2022,1.0000000000000002,True
508C,064414513,2022,0.007290861968942423,False
508C,064418708,2022,0.0021121612401110938,False
508C,064418801,2022,0.9940423908347712,False
508C,064418802,2022,0.9928146353976762,False
508C,064418806,2022,0.49749754489331766,False
508C,064418807,2022,0.9999999999999997,True
508C,064418808,2022,1.0000000000000002,True
508C,064418809,2022,0.34444417691359186,False
508C,064418810,2022,0.06583248117623736,False
508D,064414201,2022,0.0024409646125283743,False
508D,064414202,2022,0.0032303459899545982,False
508D,064414208,2022,0.7548373598535794,False
508D,064414209,2022,0.7513686951526026,False
508D,064414210,2022,0.9999999999999999,True
508D,064414211,2022,0.9708540290302093,False
508D,064416601,2022,1.0000000000000002,True
508D,064416602,2022,1.0000000000000004,True
508D,064416603,2022,0.9996037091914788,False
508D,064416604,2022,0.010407656776266825,False
508D,064416606,2022,0.4103718117921994,False
508D,064416607,2022,0.29045534218385377,False
508D,064418701,2022,0.9999998910209668,False
508D,064418702,2022,0.9796447854191923,False
508D,064418703,2022,1.0,True
508D,064418704,2022,1.0000000000000002,True
508D,064418705,2022,1.0,True
508D,064418706,2022,1.0000000000000002,True
508D,064418707,2022,1.0,True
508D,064418708,2022,0.5508471472024952,False
508D,064418709,2022,0.9923965329409794,False
508D,064418710,2022,0.9902353855519963,False
508D,064418711,2022,0.981477784553468,False
508D,064418901,2022,0.0014814912333252568,False
508D,064419201,2022,5.24060705686568e-07,False
508D,064419313,2022,0.0015592092616178723,False
508E,064414101,2022,0.00022249610255728052,False
508E,064414102,2022,0.0265681397066258,False
508E,064414112,2022,0.02958967911388247,False
508E,064414117,2022,0.003866293538074281,False
508E,064416603,2022,0.0003962908085554996,False
508E,064416604,2022,0.9895923432237359,False
508E,064416605,2022,0.9999999999999998,True
508E,064416606,2022,0.5789669666076226,False
508E,064418708,2022,2.3863235163618527e-05,False
508E,064418709,2022,0.007603467059030337,False
508E,064418710,2022,0.009764614447980846,False
508E,064418711,2022,0.018522215446567222,False
508E,064418801,2022,0.005957609165263184,False
508E,064418802,2022,0.0071853646022994625,False
508E,064418803,2022,1.0000000000000002,True
508E,064418804,2022,1.0000000000000002,True
508E,064418805,2022,1.0000000000000002,True
508E,064418806,2022,0.5025024551066747,False
508E,064418809,2022,0.6555558230865057,False
508E,064418810,2022,0.9341675188237288,False
508E,064418811,2022,1.0,True
508E,064418812,2022,1.0,True
508E,064418813,2022,1.0000000000000002,True
508E,064419101,2022,1.0000000000000004,True
508E,064419102,2022,1.0000000000000004,True
508E,064419103,2022,0.38846278632306847,False
508E,064419109,2022,0.01781651420801675,False
508F,064416409,2022,0.0002438296410110018,False
508F,064416503,2022,0.29568452568118936,False
508F,064416504,2022,0.155348197503578,False
508F,064416607,2022,1.8845224682308098e-06,False
508F,064418901,2022,0.998516425219633,False
508F,064418902,2022,0.9971121497208665,False
508F,064418903,2022,0.7016001536193239,False
508F,064418904,2022,0.9962356879200484,False
508F,064418908,2022,0.0002557941269035747,False
508F,064419301,2022,0.005441056556586735,False
508F,064419312,2022,0.0026202800385980232,False
508F,064419313,2022,0.000187211116896144,False
508G,064416504,2022,0.03652522167724262,False
508G,064418903,2022,0.2980666030799133,False
508G,064418904,2022,0.0021034207926345174,False
508G,064418908,2022,0.9875557890540901,False
508G,064418909,2022,0.999732298459807,True
509,064416606,2022,0.005990527596621729,False
509,064416607,2022,0.7095427732936967,False
509,064416608,2022,1.0000000000000004,True
509,064418901,2022,2.083547041393244e-06,False
509,064418902,2022,0.0028878502791191986,False
509,064418904,2022,0.001660891287317563,False
509,064418905,2022,1.0000000000000002,True
509,064418906,2022,1.0000000000000002,True
509,064418907,2022,1.0000000000000002,True
509,064418908,2022,0.0076769745173132535,False
509,064419001,2022,0.9999999999999998,True
509,064419002,2022,1.0,True
509,064419003,2022,0.9999999999999998,True
509,064419004,2022,0.9161408634923399,False
509,064419009,2022,0.5289571126215161,False
509,064419010,2022,0.5083589569385777,False
509,064419201,2022,0.588594517284031,False
509,064419206,2022,4.0654867079441695e-05,False
509A,064416606,2022,0.004670694003521121,False
509A,064416706,2022,0.0212815438232673,False
509A,064419004,2022,0.08385913650766869,False
509A,064419005,2022,0.9956503209136279,False
509A,064419006,2022,0.9861272391940172,False
509A,064419007,2022,1.0000000000000002,True
509A,064419008,2022,1.0000000000000002,True
509A,064419009,2022,0.47104288737849764,False
509A,064419010,2022,0.4699713215400172,False
509A,064419011,2022,0.9496059060567941,True
509A,064419103,2022,0.6115372136769235,False
509A,064419104,2022,1.0,True
509A,064419105,2022,0.9999999999999999,True
509A,064419106,2022,1.0000000000000002,True
509A,064419107,2022,0.003614737379546884,False
509A,064419108,2022,0.03554658765579169,False
509A,064419109,2022,8.808294251671265e-05,False
509A,064419201,2022,0.41140495865526444,False
509A,064419202,2022,1.0000000000000002,True
509A,064419203,2022,1.0000000000000002,True
509A,064419204,2022,0.9903225690389649,False
509A,064419205,2022,0.9985431017927726,False
509A,064419206,2022,0.9999593451328985,False
509A,064419207,2022,0.99517491505728,False
509A,064419208,2022,0.9960646459506931,False
509A,064419209,2022,0.9088232538513512,False
516,064410202,2022,0.007592966748322207,False
516,064410203,2022,0.679885032478227,False
516,064410204,2022,0.9999337721004488,False
516,064410205,2022,0.9999999999999999,True
516,064410206,2022,1.0,True
516,064410207,2022,1.0,True
516,064410208,2022,0.6437573819947761,False
516,064410209,2022,0.0003519449760268348,False
516,064410212,2022,0.9967525559920428,False
516,064410601,2022,0.29321584483861607,False
516,064410602,2022,0.9784730257824487,False
516,064410605,2022,0.47540382957772825,False
516,064410606,2022,0.9745662832900976,False
516,064410704,2022,0.4851038028597184,False
516,064410705,2022,0.9674642309059165,False
516,064410708,2022,0.019854341982377354,False
516,064410709,2022,0.011337613601657923,False
516,064410710,2022,0.9681073121313712,False
517,064410402,2022,0.23921126358471959,False
517,064410605,2022,0.5048439553233482,False
517,064410606,2022,0.0254337167095797,False
517,064410607,2022,1.0,True
517,064410608,2022,0.9828211531799241,False
517,064410702,2022,0.11746080512551975,False
517,064410703,2022,0.5009494263715412,False
517,064410704,2022,0.015624936262024257,False
517,064410705,2022,0.03253576909404597,False
517,064410706,2022,0.9999999999999998,True
517,064410707,2022,0.9964946814943064,False
517,064410708,2022,0.9801456580176777,False
517,064410709,2022,0.9886623863983717,False
517,064410710,2022,0.03189268786974684,False
517,064410804,2022,0.004066390628023051,False
517,064411401,2022,1.0,True
517,064411402,2022,1.0,True
517,064411403,2022,1.0,True
517,064411404,2022,0.9695604555222297,False
517,064411405,2022,0.5305876223344319,False
517,064411410,2022,0.9672537216600681,False
517,064411509,2022,0.6412770668066361,False
518,064410401,2022,1.0000000000000002,True
518,064410402,2022,0.7457218739496366,False
518,064410405,2022,0.9684236325534724,False
518,064410406,2022,0.9999999999999998,True
518,064410407,2022,1.0,True
518,064410408,2022,0.6206741086347771,False
518,064410507,2022,0.0018017229925886937,False
518,064410508,2022,0.6776384944703809,False
518,064410509,2022,0.6250602337751687,False
518,064410604,2022,0.0316521820257487,False
518,064410605,2022,0.009963272115984917,False
518,064410608,2022,0.017178846820092967,False
518,064410609,2022,1.0000000000000002,True
518,064410610,2022,1.0,True
518,064411509,2022,0.018268177625035322,False
518,064411601,2022,0.9609195522390717,False
518,064417201,2022,0.04329610308627604,False
518,064417705,2022,0.15563015876205982,False
519,064410208,2022,0.21535507713395596,False
519,064410209,2022,0.9996480550239535,False
519,064410210,2022,0.9977181454292678,False
519,064410211,2022,0.6380343620134872,False
519,064410212,2022,0.0032474440078544315,False
519,064410307,2022,0.09639818497349191,False
519,064410308,2022,0.9839218318826901,False
519,064410501,2022,1.0,True
519,064410502,2022,0.9911822605484173,False
519,064410503,2022,0.3320947139146466,False
519,064410504,2022,0.8066029325654305,False
519,064410505,2022,0.9999999999999998,True
519,064410506,2022,1.0000000000000002,True
519,064410507,2022,0.9968393723980545,False
519,064410508,2022,0.32236150552969367,False
519,064410509,2022,0.37493976622456465,False
519,064410601,2022,0.7067841551614401,False
519,064410602,2022,0.021526974217682023,False
519,064410603,2022,1.0,True
519,064410604,2022,0.9683478179736562,False
519,064410605,2022,0.00978894298353647,False
519,064413301,2022,0.4495793003344325,False
519,064417201,2022,0.9416756630780937,False
519,064417203,2022,0.13002393214392818,False
520,064410210,2022,0.002281854571023358,False
520,064410211,2022,0.3619656379863541,False
520,064410301,2022,0.9968596933430828,False
520,064410302,2022,0.9999999999999998,True
520,064410303,2022,1.0000000000000002,True
520,064410304,2022,1.0000000000000002,True
520,064410305,2022,0.9999999999999998,True
520,064410306,2022,1.0,True
520,064410307,2022,0.9036018150262587,False
520,064410308,2022,0.01607816811698957,False
520,064410502,2022,0.008817739451996789,False
520,064410503,2022,0.6679052860854988,False
520,064410504,2022,0.193397067434138,False
520,064410507,2022,0.0013589046082696295,False
520,064413301,2022,0.5504206996656485,False
520,064413302,2022,1.0000000000000002,True
520,064413303,2022,1.0000000000000002,True
520,064413304,2022,0.16531087408867454,False
520,064413306,2022,0.026147797367543815,False
520,064413307,2022,0.019813705236546932,False
520,064413308,2022,0.007740934771870383,False
520,064413309,2022,0.004947716492880955,False
520,064417201,2022,0.014539983393595817,False
520,064417202,2022,0.9690045994960967,False
520,064417203,2022,0.8699760678564262,False
520,064417204,2022,1.0,True
520,064417205,2022,0.9999999999999997,True
520,064417206,2022,0.989029378936924,False
520,064417207,2022,0.3242761075098234,False
520,064417208,2022,0.48461488821608445,False
520,064417209,2022,0.9989166695928426,False
521,064410408,2022,0.37932589136466893,False
521,064410409,2022,1.0,True
521,064411601,2022,0.022923109971450667,False
521,064411602,2022,0.984601838852773,False
521,064413309,2022,0.000650940815386329,False
521,064413310,2022,5.7331057555283716e-06,False
521,064417201,2022,0.0004882504428497056,False
521,064417202,2022,0.03099540050417244,False
521,064417206,2022,0.010970621063306473,False
521,064417207,2022,0.6757238924904041,False
521,064417208,2022,0.5153851117835896,False
521,064417209,2022,0.001083330407243592,False
521,064419801,2022,0.9909135941714563,False
521,064419802,2022,0.9908945904060368,False
521,064419803,2022,1.0,True
521,064419804,2022,0.9921200325278775,False
521,064419805,2022,0.3220800225868837,False
521,064419806,2022,0.6552429566992106,False
